id,url,title,price,address,zip_code,municipality,property_type,subtype,transaction_type,living_area_m2,plot_area_m2,garden,garden_area_m2,terrace,terrace_area_m2,bedrooms,bathrooms,epc_score,epc_kwh_m2,construction_year,condition,heating_type,parking_indoor,parking_outdoor,elevator,furnished,flood_zone,cadastral_income,agency,first_seen,scrape_date
21507307,https://www.immoweb.be/en/classified/21507307,House for sale in Gent,,Sint-Denijslaan 457A,9000,Gent,house,house,for-sale,195,592,True,450,,,4,2,,,2025,AS_NEW,,,,False,False,,,Immo Da Vinci,2026-06-12,2026-06-12
21640555,https://www.immoweb.be/en/classified/21640555,House for sale in Gent,449000,Boelenaar 29,9031,Gent,house,house,for-sale,140,214,,,True,,3,1,C,217,,GOOD,GAS,1,,,False,,589,Hyboma,2026-06-12,2026-06-12
21640303,https://www.immoweb.be/en/classified/21640303,House for sale in Gent,322000,Achtermuide 5,9000,Gent,house,house,for-sale,120,80,True,11,True,,4,1,C,248,1900,GOOD,GAS,1,,False,,,,I-MOOV,2026-06-12,2026-06-12
21640188,https://www.immoweb.be/en/classified/21640188,House for sale in Ledeberg,229000,Frans De Coninckstraat 9,9050,Ledeberg,house,house,for-sale,125,80,,,,,4,,,,,,,,,,,,,Bordes Merelbeke,2026-06-12,2026-06-12
21640061,https://www.immoweb.be/en/classified/21640061,House for sale in GENTBRUGGE,289000,Auguste Van Ooststraat 51,9042,GENTBRUGGE,house,house,for-sale,75,46,,,,,2,,,,,,,,,,,,,de Fooz,2026-06-12,2026-06-12
21639687,https://www.immoweb.be/en/classified/21639687,House for sale in Gent,399000,Lorkenstraat 44,9000,Gent,house,house,for-sale,136,112,,,,,3,,,,,,,,,,,,,ERA Wonen Gent,2026-06-12,2026-06-12
21639632,https://www.immoweb.be/en/classified/21639632,House for sale in Gent,389000,Greenockstraat 18,9000,Gent,house,house,for-sale,136,104,,,,,3,,,,,,,,,,,,,PRIVATE,2026-06-12,2026-06-12
21639568,https://www.immoweb.be/en/classified/21639568,House for sale in Mariakerke,549000,Hooiland 1,9030,Mariakerke,house,house,for-sale,142,795,,,,,4,,,,,,,,,,,,,TOP Vastgoed,2026-06-12,2026-06-12
21639537,https://www.immoweb.be/en/classified/21639537,Mixed_use_building for sale in Gent,349000,Gangmakersstraat 16,9000,Gent,house,mixed_use_building,for-sale,61,30,,,,,3,,,,,,,,,,,,,Immo T bvba,2026-06-12,2026-06-12
21639399,https://www.immoweb.be/en/classified/21639399,House for sale in GENT,595000,Plotersgracht 30,9000,GENT,house,house,for-sale,161,71,,,,,2,,,,,,,,,,,,,IMMO-EDEN,2026-06-12,2026-06-12
21639192,https://www.immoweb.be/en/classified/21639192,House for sale in GENT,595000,Plotersgracht 30,9000,GENT,house,house,for-sale,161,0,,,,,2,,,,,,,,,,,,,Verdegem Vastgoed,2026-06-12,2026-06-12
21639153,https://www.immoweb.be/en/classified/21639153,House for sale in Gent,850000,Notarisstraat 27-29,9000,Gent,house,house,for-sale,230,65,,,,,4,,,,,,,,,,,,,Dewaele-woonvastgoed Gent,2026-06-12,2026-06-12
21639095,https://www.immoweb.be/en/classified/21639095,Villa for sale in Gent Sint-Kruis-Winkel,519000,Rapenburgstraat 16,9042,Gent Sint-Kruis-Winkel,house,villa,for-sale,240,1181,,,,,4,,,,,,,,,,,,,VICUS,2026-06-12,2026-06-12
21639081,https://www.immoweb.be/en/classified/21639081,House for sale in Oostakker,670000,Sint-Laurentiuslaan 64,9041,Oostakker,house,house,for-sale,268,585,,,,,4,,,,,,,,,,,,,Vastgoed Ongenaet,2026-06-12,2026-06-12
21639016,https://www.immoweb.be/en/classified/21639016,House for sale in Mariakerke,299000,Octaaf Van Dammestraat 4,9030,Mariakerke,house,house,for-sale,133,210,,,,,2,,,,,,,,,,,,,Bordes Merelbeke,2026-06-12,2026-06-12
21638802,https://www.immoweb.be/en/classified/21638802,House for sale in GENT,592000,Sint-Pietersaalststraat 16,9000,GENT,house,house,for-sale,302,307,,,,,3,,,,,,,,,,,,,Infinimo,2026-06-12,2026-06-12
21638711,https://www.immoweb.be/en/classified/21638711,House for sale in Gent Sint-Amandsberg,475000,Heiveldstraat 94,9040,Gent Sint-Amandsberg,house,house,for-sale,246,387,,,,,3,,,,,,,,,,,,,Immo Da Vinci,2026-06-12,2026-06-12
21638554,https://www.immoweb.be/en/classified/21638554,House for sale in Gent,398000,Engelbert van Arenbergstraat 87,9040,Gent,house,house,for-sale,103,137,,,,,2,,,,,,,,,,,,,Signatuur,2026-06-12,2026-06-12
21493848,https://www.immoweb.be/en/classified/21493848,House for sale in Gent,599000,Vierhekkensstraat 13,9031,Gent,house,house,for-sale,181,450,,,,,4,,,,,,,,,,,,,G.V. Look Invest Bvba,2026-06-12,2026-06-12
21638196,https://www.immoweb.be/en/classified/21638196,House for sale in Gent,545000,Dahliastraat 11,9000,Gent,house,house,for-sale,186,114,,,,,4,,,,,,,,,,,,,Estate Of Mind Real Estate Agents,2026-06-12,2026-06-12
21638160,https://www.immoweb.be/en/classified/21638160,House for sale in Drongen,399000,Antoon Catriestraat 145,9031,Drongen,house,house,for-sale,224,867,,,,,4,,,,,,,,,,,,,Convas,2026-06-12,2026-06-12
21638049,https://www.immoweb.be/en/classified/21638049,House for sale in Gent,349000,François van Impelaan 22,9041,Gent,house,house,for-sale,150,272,,,,,3,,,,,,,,,,,,,Cornelis Goeman Merelbeke,2026-06-12,2026-06-12
21638028,https://www.immoweb.be/en/classified/21638028,House for sale in Gent,685000,Wellingstraat 9,9000,Gent,house,house,for-sale,122,67,,,,,3,,,,,,,,,,,,,Immo Da Vinci,2026-06-12,2026-06-12
21638006,https://www.immoweb.be/en/classified/21638006,House for sale in Gent,559000,Elsstraat 4,9000,Gent,house,house,for-sale,159,159,,,,,3,,,,,,,,,,,,,Square Real Estate,2026-06-12,2026-06-12
21637924,https://www.immoweb.be/en/classified/21637924,Mixed_use_building for sale in GENT,355000,Tolhuislaan 183,9000,GENT,house,mixed_use_building,for-sale,170,45,,,,,4,,,,,,,,,,,,,TREVI Gent,2026-06-12,2026-06-12
21637883,https://www.immoweb.be/en/classified/21637883,House for sale in Gent,299000,Ottergemsesteenweg 89,9000,Gent,house,house,for-sale,57,0,,,,,2,,,,,,,,,,,,,Arcade Vastgoed,2026-06-12,2026-06-12
21637658,https://www.immoweb.be/en/classified/21637658,House for sale in Mariakerke,565000,Hoevepoort 33,9030,Mariakerke,house,house,for-sale,198,512,,,,,5,,,,,,,,,,,,,Makelaarshuys,2026-06-12,2026-06-12
21637610,https://www.immoweb.be/en/classified/21637610,Mansion for sale in Gent,1145000,Heernislaan 91,9000,Gent,house,mansion,for-sale,438,317,,,,,6,,,,,,,,,,,,,Carlo Eggermont,2026-06-12,2026-06-12
21637134,https://www.immoweb.be/en/classified/21637134,House for sale in Oostakker,475000,,9041,Oostakker,house,house,for-sale,140,1130,,,,,3,,,,,,,,,,,,,EDM Woonadvies,2026-06-12,2026-06-12
21637113,https://www.immoweb.be/en/classified/21637113,House for sale in Oostakker,495000,Eksaardserijweg 215,9041,Oostakker,house,house,for-sale,199,513,,,,,0,,,,,,,,,,,,,Vastgoedkantoor IMMO-HOME,2026-06-12,2026-06-12
21637005,https://www.immoweb.be/en/classified/21637005,House for sale in Mariakerke,575000,Zandloperstraat 203,9030,Mariakerke,house,house,for-sale,177,284,,,,,3,,,,,,,,,,,,,Convas,2026-06-12,2026-06-12
21636876,https://www.immoweb.be/en/classified/21636876,House for sale in Ledeberg,528000,Sint-Daniëlstraat 13,9050,Ledeberg,house,house,for-sale,120,60,,,True,12,3,1,A+,,,JUST_RENOVATED,GAS,,,False,,NON_FLOOD_ZONE,,PRIVATE,2026-06-12,2026-06-12
21636682,https://www.immoweb.be/en/classified/21636682,House for sale in Gent,428000,Spaarstraat 14,9000,Gent,house,house,for-sale,126,51,True,4,True,10,2,1,A,82,1925,GOOD,GAS,,,False,False,NON_FLOOD_ZONE,,Dewaele-woonvastgoed Gent,2026-06-12,2026-06-12
21499537,https://www.immoweb.be/en/classified/21499537,House for sale in Gent,389000,Dendermondsesteenweg 90,9000,Gent,house,house,for-sale,120,47,,,,,2,2,B,152,1900,AS_NEW,GAS,,,False,,NON_FLOOD_ZONE,233,Vastgoed Poppe,2026-06-12,2026-06-12
21501998,https://www.immoweb.be/en/classified/21501998,Mansion for sale in Gent,850000,Parklaan 76,9000,Gent,house,mansion,for-sale,300,160,,,True,25,6,4,C,242,1895,GOOD,GAS,1,,False,,NON_FLOOD_ZONE,753,Vastgoed Poppe,2026-06-12,2026-06-12
21636385,https://www.immoweb.be/en/classified/21636385,House for sale in GENT,339000,Hamerstraat 110,9000,GENT,house,house,for-sale,138,116,True,40,,,4,1,C,276,1900,GOOD,GAS,,,False,False,NON_FLOOD_ZONE,441,CENTURY 21 Partners Gent,2026-06-12,2026-06-12
21636203,https://www.immoweb.be/en/classified/21636203,House for sale in Gent,395000,Hamerstraat 167,9000,Gent,house,house,for-sale,145,75,,,,,3,1,A,92,1930,AS_NEW,GAS,,,False,,NON_FLOOD_ZONE,,PRIVATE,2026-06-12,2026-06-12
21636148,https://www.immoweb.be/en/classified/21636148,House for sale in Drongen,649000,Karel De Bondtlaan 1,9031,Drongen,house,house,for-sale,155,96,True,83,True,,3,1,A,17,2026,AS_NEW,,,,,,NON_FLOOD_ZONE,,Carlo Eggermont,2026-06-12,2026-06-12
21636120,https://www.immoweb.be/en/classified/21636120,House for sale in Gent,399000,Zonnebloemstraat 39,9000,Gent,house,house,for-sale,145,104,,,,,4,1,C,263,,TO_BE_DONE_UP,GAS,,,,False,NON_FLOOD_ZONE,399,Convas,2026-06-12,2026-06-12
21636074,https://www.immoweb.be/en/classified/21636074,House for sale in Mariakerke,449000,Adriaan Pietersstraat 20,9030,Mariakerke,house,house,for-sale,181,210,True,95,,,3,2,B,168,1936,GOOD,,,,,,NON_FLOOD_ZONE,678,Convas,2026-06-12,2026-06-12
21635898,https://www.immoweb.be/en/classified/21635898,House for sale in Gent,239000,Beukelaarstraat 13,9000,Gent,house,house,for-sale,132,35,,,,,2,1,C,282,1874,GOOD,,,,,,,,TOP Vastgoed,2026-06-12,2026-06-12
21635851,https://www.immoweb.be/en/classified/21635851,House for sale in DRONGEN,627000,Goubaulaan 8,9031,DRONGEN,house,house,for-sale,140,440,,,True,,3,1,B,185,1933,AS_NEW,GAS,,2,False,False,NON_FLOOD_ZONE,649,Infinimo,2026-06-12,2026-06-12
21635646,https://www.immoweb.be/en/classified/21635646,House for sale in Gent,318500,Krommenelleboog 65,9000,Gent,house,house,for-sale,,53,,,,,1,1,B,173,,,,,,,,NON_FLOOD_ZONE,,Oranjeberg,2026-06-12,2026-06-12
21635630,https://www.immoweb.be/en/classified/21635630,House for sale in Drongen,435000,varendrieskouter 37,9031,Drongen,house,house,for-sale,168,620,,,,,4,1,F,666,1992,TO_RENOVATE,,1,,,False,NON_FLOOD_ZONE,951,Crevits,2026-06-12,2026-06-12
21635333,https://www.immoweb.be/en/classified/21635333,House for sale in Gent,485000,Baarleboslaan 66,9031,Gent,house,house,for-sale,130,0,True,100,True,20,2,1,A,99,1974,AS_NEW,GAS,,,False,,NON_FLOOD_ZONE,,PRIVATE,2026-06-12,2026-06-12
21635262,https://www.immoweb.be/en/classified/21635262,House for sale in OOSTAKKER,435000,Oudebareelstraat 82,9041,OOSTAKKER,house,house,for-sale,186,672,,,,,3,1,D,387,1957,TO_BE_DONE_UP,GAS,1,,False,False,NON_FLOOD_ZONE,671,Pattymo,2026-06-12,2026-06-12
21634875,https://www.immoweb.be/en/classified/21634875,House for sale in Gent,167000,Jean Béthunestraat 88,9040,Gent,house,house,for-sale,58,43,,,,,1,1,F,869,1950,TO_BE_DONE_UP,,,,False,False,NON_FLOOD_ZONE,171,TREVI Gent,2026-06-12,2026-06-12
21634868,https://www.immoweb.be/en/classified/21634868,House for sale in Gent,855000,Deinse Horsweg 38,9031,Gent,house,house,for-sale,223,1395,,,True,,3,1,D,369,1988,TO_BE_DONE_UP,WOOD,,,False,False,NON_FLOOD_ZONE,1477,Vastgoed De Vos Evergem,2026-06-12,2026-06-12
21634734,https://www.immoweb.be/en/classified/21634734,Apartment_block for sale in Gent,825000,Peperstraat 5,9000,Gent,house,apartment_block,for-sale,191,80,,,,,6,4,C,221,,GOOD,GAS,,,,,NON_FLOOD_ZONE,1016,Carlo Eggermont,2026-06-12,2026-06-12
21634517,https://www.immoweb.be/en/classified/21634517,House for sale in Wondelgem,550000,Molenwalstraat 87,9032,Wondelgem,house,house,for-sale,168,659,True,524,,,3,2,C,241,1979,GOOD,GAS,1,,,False,,1621,TOP Vastgoed,2026-06-12,2026-06-12
21634523,https://www.immoweb.be/en/classified/21634523,House for sale in Wondelgem,725000,Molenwalstraat 87,9032,Wondelgem,house,house,for-sale,168,659,True,524,,,3,2,C,241,1979,GOOD,FUELOIL,1,,,False,,1621,TOP Vastgoed,2026-06-12,2026-06-12
21630177,https://www.immoweb.be/en/classified/21630177,House for sale in Gent,690000,Bennesteeg 7 -,9000,Gent,house,house,for-sale,125,69,,,True,,2,1,D,370,1900,AS_NEW,GAS,,,False,False,NON_FLOOD_ZONE,,VICUS,2026-06-12,2026-06-12
21633839,https://www.immoweb.be/en/classified/21633839,House for sale in Gentbrugge,545000,Oude Brusselseweg 107,9050,Gentbrugge,house,house,for-sale,309,375,,,True,,4,1,C,224,1959,TO_BE_DONE_UP,GAS,1,,False,False,NON_FLOOD_ZONE,,Immo Da Vinci,2026-06-12,2026-06-12
21633694,https://www.immoweb.be/en/classified/21633694,Mansion for sale in Gent,795000,Baudelostraat 71,9000,Gent,house,mansion,for-sale,269,115,,,True,,4,3,D,392,1888,GOOD,GAS,,,False,False,NON_FLOOD_ZONE,1006,TREVI Gent,2026-06-12,2026-06-12
21633590,https://www.immoweb.be/en/classified/21633590,House for sale in Gent,375000,Achilles Musschestraat 92,9000,Gent,house,house,for-sale,125,0,,,,,4,2,E,407,,TO_RENOVATE,,,,,,NON_FLOOD_ZONE,,Oranjeberg,2026-06-12,2026-06-12
21633563,https://www.immoweb.be/en/classified/21633563,House for sale in Ledeberg,145000,Floristenstraat 77,9050,Ledeberg,house,house,for-sale,,86,,,,,3,,F,1366,,TO_RENOVATE,,,,,,,456,Notaris Joost EEMAN,2026-06-12,2026-06-12
21633548,https://www.immoweb.be/en/classified/21633548,House for sale in Gent,530000,Schepenhuisstraat 5,9000,Gent,house,house,for-sale,93,0,,,True,,2,2,C,216,,GOOD,,,,,,NON_FLOOD_ZONE,,Oranjeberg,2026-06-12,2026-06-12
21633547,https://www.immoweb.be/en/classified/21633547,House for sale in Gent,690000,Bennesteeg 7,9000,Gent,house,house,for-sale,125,69,True,5,True,,2,1,D,,0,AS_NEW,GAS,,,False,,NON_FLOOD_ZONE,,Found & Baker Oost-Vlaanderen,2026-06-12,2026-06-12
21633461,https://www.immoweb.be/en/classified/21633461,House for sale in GENT,562000,Maria van Boergondiëstraat 18,9000,GENT,house,house,for-sale,165,79,,,True,16,3,1,C,207,1952,,GAS,,,False,False,NON_FLOOD_ZONE,416,Infinimo,2026-06-12,2026-06-12
21633151,https://www.immoweb.be/en/classified/21633151,House for sale in Gent,1025000,Baudelostraat 65,9000,Gent,house,house,for-sale,394,153,,,True,15,10,0,C,240,1899,AS_NEW,,,,False,,NON_FLOOD_ZONE,1202,I-MOOV,2026-06-12,2026-06-12
21633062,https://www.immoweb.be/en/classified/21633062,House for sale in Oostakker,509995,,9041,Oostakker,house,house,for-sale,169,208,,,True,,3,1,A,85,,AS_NEW,,1,,,,,,Immostad,2026-06-12,2026-06-12
21633060,https://www.immoweb.be/en/classified/21633060,House for sale in Wondelgem,485000,Ravenstraat 13,9032,Wondelgem,house,house,for-sale,155,311,,,,,3,1,C,286,1974,TO_BE_DONE_UP,,2,,,,NON_FLOOD_ZONE,1199,LANDBERGH,2026-06-12,2026-06-12
21633032,https://www.immoweb.be/en/classified/21633032,House for sale in Gent,399000,Albatrosstraat 2,9000,Gent,house,house,for-sale,159,180,,,True,,3,1,C,292,,GOOD,GAS,1,,,False,NON_FLOOD_ZONE,493,Sofie De Meester Vastgoed bv,2026-06-12,2026-06-12
21633015,https://www.immoweb.be/en/classified/21633015,House for sale in Gent,795000,Franklin Rooseveltlaan 403,9000,Gent,house,house,for-sale,371,134,True,40,,,6,2,C,238,1867,TO_RENOVATE,GAS,1,,False,,NON_FLOOD_ZONE,,Found & Baker Oost-Vlaanderen,2026-06-12,2026-06-12
21632921,https://www.immoweb.be/en/classified/21632921,House_group for sale in Gent,,Bruilofstraat 42,9050,Gent,house_group,house_group,for-sale,,,,,,,,,,,,,,,,,,NON_FLOOD_ZONE,,Agence Rosseel,2026-06-12,2026-06-12
21632615,https://www.immoweb.be/en/classified/21632615,House for sale in Gent Zwijnaarde,478000,Heerweg-Noord 35,9052,Gent Zwijnaarde,house,house,for-sale,150,120,,,True,10,3,1,A,90,1934,AS_NEW,,,,False,False,,,IMMO BEGUIN,2026-06-12,2026-06-12
21632310,https://www.immoweb.be/en/classified/21632310,House for sale in Gent,479000,Lentestraat 66,9000,Gent,house,house,for-sale,139,92,,,True,,4,1,B,193,1918,GOOD,GAS,,,,False,NON_FLOOD_ZONE,,OC vastgoed,2026-06-12,2026-06-12
21632145,https://www.immoweb.be/en/classified/21632145,House for sale in Gent,425000,Uilkensstraat 10,9000,Gent,house,house,for-sale,111,86,True,30,,,3,1,B,195,,AS_NEW,GAS,,,False,,,,PRIVATE,2026-06-12,2026-06-12
21631956,https://www.immoweb.be/en/classified/21631956,House for sale in Ledeberg,845000,August Van Bockxstaelestraat 54,9050,Ledeberg,house,house,for-sale,213,200,,,,,4,3,B,163,1942,GOOD,GAS,,,,,NON_FLOOD_ZONE,979,Carlo Eggermont,2026-06-12,2026-06-12
21631853,https://www.immoweb.be/en/classified/21631853,House for sale in Gent,299000,Scheeplosserstraat 132,9000,Gent,house,house,for-sale,210,0,True,308,,,4,1,D,320,1958,TO_RENOVATE,GAS,1,,False,False,RECOGNIZED_FLOOD_ZONE,,Altro Vastgoed Gent,2026-06-12,2026-06-12
21631792,https://www.immoweb.be/en/classified/21631792,House for sale in Gent,425000,Poperingestraat 83,9000,Gent,house,house,for-sale,145,801,,,True,10,2,1,F,557,,,,,,,,NON_FLOOD_ZONE,,Van Welden Vastgoed,2026-06-12,2026-06-12
21631533,https://www.immoweb.be/en/classified/21631533,House for sale in Gent,275000,Engelbert van Arenbergstraat 94,9000,Gent,house,house,for-sale,60,42,,,,,1,1,F,1053,,TO_RENOVATE,,,,,False,NON_FLOOD_ZONE,327,OC vastgoed,2026-06-12,2026-06-12
21631194,https://www.immoweb.be/en/classified/21631194,House for sale in Wondelgem,479000,Marie Curiestraat 19,9032,Wondelgem,house,house,for-sale,149,206,True,120,True,,3,1,A,91,2012,AS_NEW,GAS,1,1,False,False,NON_FLOOD_ZONE,1046,TOP Vastgoed,2026-06-12,2026-06-12
21631153,https://www.immoweb.be/en/classified/21631153,House for sale in Oostakker,448864,,9041,Oostakker,house,house,for-sale,,0,,,,,3,1,,,,,,1,,,,,,Plan & Bouw,2026-06-12,2026-06-12
21631047,https://www.immoweb.be/en/classified/21631047,House for sale in Sint-Amandsberg,299000,Klinkkouterstraat 38,9040,Sint-Amandsberg,house,house,for-sale,122,80,,,True,,3,1,B,185,1900,GOOD,GAS,,,False,False,NON_FLOOD_ZONE,285,Dewaele-woonvastgoed Gent,2026-06-12,2026-06-12
21631011,https://www.immoweb.be/en/classified/21631011,House for sale in GENT,450000,Opvoedingstraat 3,9000,GENT,house,house,for-sale,146,102,,,True,,4,1,C,254,1918,,GAS,,,False,False,NON_FLOOD_ZONE,739,Infinimo,2026-06-12,2026-06-12
21630985,https://www.immoweb.be/en/classified/21630985,House for sale in Sint-Kruis-Winkel,445000,Gustaaf Van Heckelaan 1,9042,Sint-Kruis-Winkel,house,house,for-sale,234,778,True,662,True,,4,2,B,173,1960,GOOD,GAS,1,,False,False,NON_FLOOD_ZONE,646,Dewaele Do It Yourself,2026-06-12,2026-06-12
21367621,https://www.immoweb.be/en/classified/21367621,Mansion for sale in Gent,1380000,Simon de Mirabellostraat 21,9000,Gent,house,mansion,for-sale,254,0,True,1,True,1,4,2,A,,,AS_NEW,,,,False,,NON_FLOOD_ZONE,,Acasa,2026-06-12,2026-06-12
21630573,https://www.immoweb.be/en/classified/21630573,House for sale in Gent,285000,Lucas de Heerestraat 96,9000,Gent,house,house,for-sale,93,0,,,,,2,1,D,385,1899,GOOD,GAS,,,False,False,NON_FLOOD_ZONE,235,acasa,2026-06-12,2026-06-12
21630544,https://www.immoweb.be/en/classified/21630544,House for sale in Gent Sint-Kruis-Winkel,599000,Albert De Smetstraat 34,9042,Gent Sint-Kruis-Winkel,house,house,for-sale,230,2279,True,1790,True,,4,1,E,448,1930,GOOD,,,,False,False,,545,IMMO BEGUIN,2026-06-12,2026-06-12
21630468,https://www.immoweb.be/en/classified/21630468,House for sale in Oostakker,407779,,9041,Oostakker,house,house,for-sale,,0,,,,,3,1,,,,,,1,,,,,,Plan & Bouw,2026-06-12,2026-06-12
21630438,https://www.immoweb.be/en/classified/21630438,House for sale in Gent,755000,Emiel Lossystraat 71,9040,Gent,house,house,for-sale,257,182,True,52,,,4,2,,,2024,GOOD,,,,False,,NON_FLOOD_ZONE,1539,Agence Rosseel,2026-06-12,2026-06-12
21630039,https://www.immoweb.be/en/classified/21630039,House for sale in Gent,399000,Drongensesteenweg 90,9000,Gent,house,house,for-sale,98,51,,,,,3,1,A,49,,,GAS,,,False,False,NON_FLOOD_ZONE,235,CENTURY 21 Partners Gent,2026-06-12,2026-06-12
21629877,https://www.immoweb.be/en/classified/21629877,House for sale in Gent,389000,Gebroeders De Smetstraat 65,9000,Gent,house,house,for-sale,146,90,,,True,17,3,1,B,,1960,AS_NEW,GAS,,,False,,NON_FLOOD_ZONE,587,PRIVATE,2026-06-12,2026-06-12
21629873,https://www.immoweb.be/en/classified/21629873,House for sale in Gent,750000,Dorpsstraat 4,9000,Gent,house,house,for-sale,400,645,True,472,True,20,5,2,C,212,1850,GOOD,,1,3,False,,NON_FLOOD_ZONE,914,Roman Vastgoed,2026-06-12,2026-06-12
21629872,https://www.immoweb.be/en/classified/21629872,House for sale in Zwijnaarde,750000,Dorpsstraat 4,9052,Zwijnaarde,house,house,for-sale,400,645,True,472,,,5,2,C,212,1850,GOOD,,1,3,False,,NON_FLOOD_ZONE,914,Roman Vastgoed,2026-06-12,2026-06-12
21629844,https://www.immoweb.be/en/classified/21629844,House for sale in Gent (9000),269000,Acaciastraat 37,9000,Gent (9000),house,house,for-sale,137,66,,,True,,4,1,E,455,1918,TO_RENOVATE,GAS,,,False,,NON_FLOOD_ZONE,498,Vastgoedkantoor IMMO-HOME,2026-06-12,2026-06-12
21629802,https://www.immoweb.be/en/classified/21629802,House for sale in Gent,599000,Tinnenpotstraat 52,9000,Gent,house,house,for-sale,121,55,,,,,2,1,B,,1851,AS_NEW,,,,False,,NON_FLOOD_ZONE,208,Huysewinkel Gent BV,2026-06-12,2026-06-12
21629785,https://www.immoweb.be/en/classified/21629785,House for sale in Wondelgem,559000,Buntstraat 183,9032,Wondelgem,house,house,for-sale,183,381,True,270,True,,4,1,A,63,2012,GOOD,GAS,1,,False,False,NON_FLOOD_ZONE,1052,TOP Vastgoed,2026-06-12,2026-06-12
21629776,https://www.immoweb.be/en/classified/21629776,House for sale in Gent,395000,Brugsevaart 131,9030,Gent,house,house,for-sale,150,220,True,148,True,,4,1,B,150,1968,GOOD,GAS,1,2,False,False,,,VICUS,2026-06-12,2026-06-12
21629675,https://www.immoweb.be/en/classified/21629675,House for sale in Gent,445000,Galgenberg 11,9000,Gent,house,house,for-sale,162,89,True,40,,,4,1,D,385,1850,GOOD,,,,False,,NON_FLOOD_ZONE,480,Agence Rosseel,2026-06-12,2026-06-12
21629673,https://www.immoweb.be/en/classified/21629673,House for sale in Gent,499000,Kalversteeg 2,9000,Gent,house,house,for-sale,169,220,True,95,,,3,1,F,,1850,TO_RENOVATE,,,,False,,NON_FLOOD_ZONE,430,1st Quality Partners,2026-06-12,2026-06-12
21629530,https://www.immoweb.be/en/classified/21629530,House for sale in Gent,449000,Puinstraat 32,9000,Gent,house,house,for-sale,148,63,,,,,4,2,B,140,1938,AS_NEW,GAS,,,,,NON_FLOOD_ZONE,532,TOP Vastgoed,2026-06-12,2026-06-12
21629287,https://www.immoweb.be/en/classified/21629287,House for sale in Gent,480000,Nieuwhof 60,9000,Gent,house,house,for-sale,141,63,,,,,3,1,C,224,1899,JUST_RENOVATED,GAS,,,,,,406,NOUVO ESTATES,2026-06-12,2026-06-12
21629281,https://www.immoweb.be/en/classified/21629281,House for sale in Gent,298000,Meulesteedsesteenweg 66,9000,Gent,house,house,for-sale,139,94,,,,,3,1,F,518,,TO_BE_DONE_UP,,,,False,False,NON_FLOOD_ZONE,349,De Scheldegalm,2026-06-12,2026-06-12
21629174,https://www.immoweb.be/en/classified/21629174,House for sale in Gent,319000,Jasmijnstraat 2,9000,Gent,house,house,for-sale,181,99,,,,,4,1,E,499,1932,GOOD,GAS,,,,False,NON_FLOOD_ZONE,639,FASTGOED Makelaars,2026-06-12,2026-06-12
21628783,https://www.immoweb.be/en/classified/21628783,House for sale in Sint-Amandsberg,420000,Lijnmolenstraat 98,9040,Sint-Amandsberg,house,house,for-sale,100,130,True,75,,,2,1,B,200,1936,AS_NEW,GAS,,,False,,NON_FLOOD_ZONE,,PRIVATE,2026-06-12,2026-06-12
21628507,https://www.immoweb.be/en/classified/21628507,Mansion for sale in Gent,630000,Kortrijksepoortstraat 33,9000,Gent,house,mansion,for-sale,266,175,,,,,4,1,D,357,1850,,,,,,,NON_FLOOD_ZONE,1479,Carlo Eggermont,2026-06-12,2026-06-12
21628138,https://www.immoweb.be/en/classified/21628138,House for sale in LEDEBERG,289000,frans de mildreef 18,9050,LEDEBERG,house,house,for-sale,94,81,,,True,20,3,,E,409,1930,TO_BE_DONE_UP,FUELOIL,,,False,False,,,CANNOODT,2026-06-12,2026-06-12
21627929,https://www.immoweb.be/en/classified/21627929,House for sale in Drongen,690000,Karel De Bondtlaan 1,9031,Drongen,house,house,for-sale,178,75,True,142,True,15,3,2,A,17,2026,AS_NEW,,,,,,NON_FLOOD_ZONE,,Carlo Eggermont,2026-06-12,2026-06-12
21627879,https://www.immoweb.be/en/classified/21627879,House for sale in Gent,750000,Ottergemsesteenweg 158,9000,Gent,house,house,for-sale,289,187,,,True,,4,2,D,392,1952,GOOD,GAS,1,,False,False,,2235,Brutin Vastgoed,2026-06-12,2026-06-12
21627538,https://www.immoweb.be/en/classified/21627538,House for sale in Gent,875000,Antwerpsesteenweg 1030,9040,Gent,house,house,for-sale,290,1900,True,1600,True,20,4,2,A,,,AS_NEW,ELECTRIC,,,False,,,750,PRIVATE,2026-06-12,2026-06-12
21627217,https://www.immoweb.be/en/classified/21627217,House for sale in Gent,399000,Hagelandkaai 28,9000,Gent,house,house,for-sale,195,69,,,,,4,1,C,276,1900,GOOD,GAS,,,False,False,NON_FLOOD_ZONE,332,Immo Da Vinci,2026-06-12,2026-06-12
21626827,https://www.immoweb.be/en/classified/21626827,House for sale in Gent,675000,Rooigemlaan 146,9000,Gent,house,house,for-sale,291,160,,,True,54,2,1,C,221,1887,GOOD,GAS,,,False,False,NON_FLOOD_ZONE,1961,Kleyo,2026-06-12,2026-06-12
21626820,https://www.immoweb.be/en/classified/21626820,House for sale in Gent,379000,Staakskenstraat 35,9000,Gent,house,house,for-sale,120,126,True,25,True,12,2,1,B,156,1925,GOOD,GAS,,,False,False,POSSIBLE_FLOOD_ZONE,349,Kleyo,2026-06-12,2026-06-12
21626494,https://www.immoweb.be/en/classified/21626494,House for sale in GENT,297000,Batterijstraat 27,9000,GENT,house,house,for-sale,95,40,,,True,,2,1,C,234,,JUST_RENOVATED,GAS,,,False,False,NON_FLOOD_ZONE,225,Infinimo,2026-06-12,2026-06-12
21626157,https://www.immoweb.be/en/classified/21626157,Apartment_block for sale in Gent,339000,Rooigemlaan 496,9000,Gent,house,apartment_block,for-sale,145,93,,,,,3,2,C,150,1920,GOOD,GAS,,,False,False,,,VICUS,2026-06-12,2026-06-12
21625902,https://www.immoweb.be/en/classified/21625902,House for sale in Gent,385000,Rietstraat 4,9000,Gent,house,house,for-sale,106,48,,,True,,3,1,C,213,,GOOD,,,,,False,NON_FLOOD_ZONE,545,Carlo Eggermont,2026-06-12,2026-06-12
21625885,https://www.immoweb.be/en/classified/21625885,House for sale in Gent,565000,Bachtenwalle 2,9000,Gent,house,house,for-sale,176,196,,,True,,3,1,B,159,2008,GOOD,,,,,False,NON_FLOOD_ZONE,1250,Carlo Eggermont,2026-06-12,2026-06-12
21625424,https://www.immoweb.be/en/classified/21625424,House for sale in Gent,299000,Roggestraat 91,9000,Gent,house,house,for-sale,,65,,,,,2,1,C,252,,AS_NEW,GAS,,,False,False,NON_FLOOD_ZONE,336,Entree,2026-06-12,2026-06-12
21625375,https://www.immoweb.be/en/classified/21625375,House for sale in Gentbrugge,349000,Désiré Mercierlaan 85,9050,Gentbrugge,house,house,for-sale,177,383,,,True,,2,1,D,382,1964,TO_RENOVATE,GAS,,,False,False,NON_FLOOD_ZONE,757,Dewaele Do It Yourself,2026-06-12,2026-06-12
21625374,https://www.immoweb.be/en/classified/21625374,Mansion for sale in Gent,799000,Onderbergen 13,9000,Gent,house,mansion,for-sale,213,0,,,True,12,3,0,C,297,0,AS_NEW,GAS,,,True,,NON_FLOOD_ZONE,490,Mondo Vastgoed,2026-06-12,2026-06-12
21625326,https://www.immoweb.be/en/classified/21625326,House for sale in Gent,415000,Bommelstraat 12,9000,Gent,house,house,for-sale,134,108,True,43,True,,3,1,B,198,1930,GOOD,GAS,,,False,False,,,Immo Da Vinci,2026-06-12,2026-06-12
21625225,https://www.immoweb.be/en/classified/21625225,House for sale in Gent,325000,Kazemattenstraat 2,9000,Gent,house,house,for-sale,93,38,,,,,4,1,C,270,,GOOD,GAS,,,False,False,NON_FLOOD_ZONE,,Dewaele Do It Yourself,2026-06-12,2026-06-12
21624973,https://www.immoweb.be/en/classified/21624973,House for sale in GENT,450000,Meibloemstraat 117,9000,GENT,house,house,for-sale,199,178,True,66,True,17,4,2,D,356,1918,TO_BE_DONE_UP,GAS,1,,False,False,NON_FLOOD_ZONE,525,IMMO-X,2026-06-12,2026-06-12
21624917,https://www.immoweb.be/en/classified/21624917,House for sale in Gent Drongen,995000,Zestiengemeten 4,9031,Gent Drongen,house,house,for-sale,274,729,True,430,True,35,4,2,A,83,2021,AS_NEW,GAS,,,False,False,NON_FLOOD_ZONE,1633,Immo Da Vinci,2026-06-12,2026-06-12
21624772,https://www.immoweb.be/en/classified/21624772,House for sale in Gent,595000,Plotersgracht 30,9000,Gent,house,house,for-sale,165,165,,,,,2,1,E,454,,JUST_RENOVATED,GAS,,,,False,NON_FLOOD_ZONE,,Waardevol Vastgoed,2026-06-12,2026-06-12
21624716,https://www.immoweb.be/en/classified/21624716,House for sale in Gent,375000,Olijfstraat 11,9000,Gent,house,house,for-sale,94,54,,,,,3,1,C,210,1969,,GAS,,,False,,NON_FLOOD_ZONE,,PRIVATE,2026-06-12,2026-06-12
21624678,https://www.immoweb.be/en/classified/21624678,Apartment_block for sale in Gent,700000,Huidevetterken 9-15,9000,Gent,house,apartment_block,for-sale,145,107,True,38,,,4,4,B,162,1850,GOOD,GAS,,,False,True,NON_FLOOD_ZONE,1551,Immo Da Vinci,2026-06-12,2026-06-12
21624540,https://www.immoweb.be/en/classified/21624540,House for sale in Gentbrugge,435000,Adolf Samuëlstraat 10,9050,Gentbrugge,house,house,for-sale,170,297,,,True,,4,2,D,311,1952,TO_RENOVATE,GAS,,,,False,NON_FLOOD_ZONE,680,FASTGOED Makelaars,2026-06-12,2026-06-12
21624525,https://www.immoweb.be/en/classified/21624525,Apartment_block for sale in Gent,1550000,,9000,Gent,house,apartment_block,for-sale,458,172,,,,,12,4,B,120,0,AS_NEW,GAS,,,False,,NON_FLOOD_ZONE,2929,Ingimmo,2026-06-12,2026-06-12
21624380,https://www.immoweb.be/en/classified/21624380,House for sale in Sint-Amandsberg,575000,Heilig-Hartstraat 54,9040,Sint-Amandsberg,house,house,for-sale,146,80,,,,,3,1,B,164,1918,GOOD,GAS,1,,,,NON_FLOOD_ZONE,497,Carlo Eggermont,2026-06-12,2026-06-12
21624373,https://www.immoweb.be/en/classified/21624373,House for sale in Drongen,349000,Baarleboslaan 35,9031,Drongen,house,house,for-sale,134,365,,,True,,3,1,D,312,1975,TO_RENOVATE,,1,,,False,NON_FLOOD_ZONE,959,Convas,2026-06-12,2026-06-12
21557769,https://www.immoweb.be/en/classified/21557769,House for sale in Gent,285000,Gasmeterlaan 176,9000,Gent,house,house,for-sale,130,85,,,True,15,3,1,C,232,1976,GOOD,GAS,1,1,False,,RECOGNIZED_FLOOD_ZONE,,PRIVATE,2026-06-12,2026-06-12
21624351,https://www.immoweb.be/en/classified/21624351,House for sale in Gent,268000,Brugsesteenweg 44,9000,Gent,house,house,for-sale,61,61,True,11,True,11,2,1,C,261,1961,GOOD,GAS,,,False,,NON_FLOOD_ZONE,235,PRIVATE,2026-06-12,2026-06-12
21623938,https://www.immoweb.be/en/classified/21623938,House for sale in Wondelgem,437700,Hoevestraat LOT 07,9032,Wondelgem,house,house,for-sale,133,191,True,129,,,3,1,,0,,AS_NEW,,,,,False,,,Durabrik,2026-06-12,2026-06-12
21623935,https://www.immoweb.be/en/classified/21623935,House for sale in Wondelgem,434900,Hoevestraat LOT 01,9032,Wondelgem,house,house,for-sale,133,222,True,156,,,3,1,,0,,AS_NEW,,,,,False,,,Durabrik,2026-06-12,2026-06-12
21623928,https://www.immoweb.be/en/classified/21623928,House for sale in Wondelgem,448300,III - Buntstraat LOT 14,9032,Wondelgem,house,house,for-sale,144,117,True,45,,,3,1,,0,,AS_NEW,,,,,False,,,Durabrik,2026-06-12,2026-06-12
21623764,https://www.immoweb.be/en/classified/21623764,House for sale in Gent,510000,Trekweg 87,9030,Gent,house,house,for-sale,208,470,True,300,True,28,4,1,A,85,,AS_NEW,GAS,,,False,,NON_FLOOD_ZONE,945,PRIVATE,2026-06-12,2026-06-12
21623754,https://www.immoweb.be/en/classified/21623754,House for sale in Gent Ledeberg,288000,Posthoornstraat 67,9050,Gent Ledeberg,house,house,for-sale,142,83,,,,,2,0,F,791,1899,TO_RENOVATE,,,,False,False,NON_FLOOD_ZONE,361,Immo Da Vinci,2026-06-12,2026-06-12
21623243,https://www.immoweb.be/en/classified/21623243,House for sale in Gent,395000,Papegaaistraat 40,9000,Gent,house,house,for-sale,111,95,True,40,,,3,1,C,0,1933,,GAS,,,False,,NON_FLOOD_ZONE,,PRIVATE,2026-06-12,2026-06-12
21446221,https://www.immoweb.be/en/classified/21446221,House for sale in Gent,250000,Hoefijzerstraat 15,9050,Gent,house,house,for-sale,150,80,True,20,,,3,2,F,530,,TO_RENOVATE,GAS,,,False,,NON_FLOOD_ZONE,,PRIVATE,2026-06-12,2026-06-12
21623191,https://www.immoweb.be/en/classified/21623191,House for sale in Gent,385000,Beukelaarstraat 3,9000,Gent,house,house,for-sale,142,54,,,,,3,1,B,117,1870,JUST_RENOVATED,GAS,,,False,,NON_FLOOD_ZONE,554,PRIVATE,2026-06-12,2026-06-12
21623009,https://www.immoweb.be/en/classified/21623009,House for sale in Gent,518000,Tennisstraat -,9050,Gent,house,house,for-sale,149,117,True,26,True,8,3,2,,,,AS_NEW,,,,True,False,NON_FLOOD_ZONE,,Immo Da Vinci,2026-06-12,2026-06-12
21623022,https://www.immoweb.be/en/classified/21623022,House for sale in Gent,566000,Tennisstraat -,9050,Gent,house,house,for-sale,165,159,,,True,14,3,2,,,,AS_NEW,,,,True,False,NON_FLOOD_ZONE,,Immo Da Vinci,2026-06-12,2026-06-12
21623008,https://www.immoweb.be/en/classified/21623008,House for sale in Gent,518000,Tennisstraat -,9050,Gent,house,house,for-sale,149,117,True,26,True,8,3,2,,,,AS_NEW,,,,True,False,NON_FLOOD_ZONE,,Immo Da Vinci,2026-06-12,2026-06-12
21623007,https://www.immoweb.be/en/classified/21623007,House for sale in Gent,556000,Tennisstraat -,9050,Gent,house,house,for-sale,161,151,,,True,15,3,2,,,,AS_NEW,,,,True,False,NON_FLOOD_ZONE,,Immo Da Vinci,2026-06-12,2026-06-12
21623006,https://www.immoweb.be/en/classified/21623006,House for sale in Gent,566000,Tennisstraat -,9050,Gent,house,house,for-sale,165,167,,,True,14,3,2,,,,AS_NEW,,,,True,False,NON_FLOOD_ZONE,,Immo Da Vinci,2026-06-12,2026-06-12
21623005,https://www.immoweb.be/en/classified/21623005,House for sale in Gent,554000,Tennisstraat -,9050,Gent,house,house,for-sale,159,169,,,True,10,3,2,,,,AS_NEW,,,,True,False,NON_FLOOD_ZONE,,Immo Da Vinci,2026-06-12,2026-06-12
21623021,https://www.immoweb.be/en/classified/21623021,House for sale in Gent,518000,Tennisstraat -,9050,Gent,house,house,for-sale,137,188,,,True,16,3,1,,,,AS_NEW,,,,True,False,NON_FLOOD_ZONE,,Immo Da Vinci,2026-06-12,2026-06-12
21623004,https://www.immoweb.be/en/classified/21623004,House for sale in Gent,509000,Tennisstraat -,9050,Gent,house,house,for-sale,138,170,,,True,15,3,1,,,,AS_NEW,,,,True,False,NON_FLOOD_ZONE,,Immo Da Vinci,2026-06-12,2026-06-12
21623002,https://www.immoweb.be/en/classified/21623002,House for sale in Gent,518000,Tennisstraat -,9050,Gent,house,house,for-sale,149,117,True,26,True,8,3,2,,,,AS_NEW,,,,True,False,NON_FLOOD_ZONE,,Immo Da Vinci,2026-06-12,2026-06-12
21623003,https://www.immoweb.be/en/classified/21623003,House for sale in Gent,500000,Tennisstraat -,9050,Gent,house,house,for-sale,149,99,True,15,True,8,3,2,,,,AS_NEW,,,,True,False,NON_FLOOD_ZONE,,Immo Da Vinci,2026-06-12,2026-06-12
21623000,https://www.immoweb.be/en/classified/21623000,House for sale in Gent,518000,Tennisstraat -,9050,Gent,house,house,for-sale,149,117,True,26,True,8,3,2,,,,AS_NEW,,,,True,False,NON_FLOOD_ZONE,,Immo Da Vinci,2026-06-12,2026-06-12
21622999,https://www.immoweb.be/en/classified/21622999,House for sale in Gent,518000,Tennisstraat -,9050,Gent,house,house,for-sale,149,117,True,26,True,8,3,2,,,,AS_NEW,,,,True,False,NON_FLOOD_ZONE,,Immo Da Vinci,2026-06-12,2026-06-12
21622998,https://www.immoweb.be/en/classified/21622998,House for sale in Gent,547000,Tennisstraat -,9050,Gent,house,house,for-sale,157,124,True,28,True,8,3,2,,,,AS_NEW,,,,True,False,NON_FLOOD_ZONE,,Immo Da Vinci,2026-06-12,2026-06-12
21623001,https://www.immoweb.be/en/classified/21623001,House for sale in Gent,518000,Tennisstraat -,9050,Gent,house,house,for-sale,148,117,True,26,True,8,3,2,,,,AS_NEW,,,,True,False,NON_FLOOD_ZONE,,Immo Da Vinci,2026-06-12,2026-06-12
21622997,https://www.immoweb.be/en/classified/21622997,House for sale in Gent,566000,Tennisstraat -,9050,Gent,house,house,for-sale,162,163,,,True,14,3,2,,,,AS_NEW,,,,True,False,NON_FLOOD_ZONE,,Immo Da Vinci,2026-06-12,2026-06-12
21622995,https://www.immoweb.be/en/classified/21622995,House for sale in Gent,500000,Tennisstraat -,9050,Gent,house,house,for-sale,149,114,True,30,True,8,3,2,,,,AS_NEW,,,,True,False,NON_FLOOD_ZONE,,Immo Da Vinci,2026-06-12,2026-06-12
21622996,https://www.immoweb.be/en/classified/21622996,House for sale in Gent,518000,Tennisstraat -,9050,Gent,house,house,for-sale,149,117,True,26,True,8,3,2,,,,AS_NEW,,,,True,False,NON_FLOOD_ZONE,,Immo Da Vinci,2026-06-12,2026-06-12
21554940,https://www.immoweb.be/en/classified/21554940,House for sale in Gent,350000,Anjelierstraat 111,9000,Gent,house,house,for-sale,114,46,,,,,4,1,B,186,1918,JUST_RENOVATED,GAS,,,,False,NON_FLOOD_ZONE,364,Van Welden Vastgoed,2026-06-12,2026-06-12
21622713,https://www.immoweb.be/en/classified/21622713,House for sale in Gentbrugge,215000,Heidestraat 29,9050,Gentbrugge,house,house,for-sale,101,84,,,,,2,1,F,543,1875,TO_BE_DONE_UP,,,,,,NON_FLOOD_ZONE,220,Convas,2026-06-12,2026-06-12
21622711,https://www.immoweb.be/en/classified/21622711,House for sale in Gent,495000,Rooigemlaan 249,9000,Gent,house,house,for-sale,193,176,,,True,,4,1,B,146,1920,JUST_RENOVATED,,,,,,NON_FLOOD_ZONE,736,Convas,2026-06-12,2026-06-12
21622710,https://www.immoweb.be/en/classified/21622710,Bungalow for sale in Mariakerke,485000,René Van De Puttestraat 4,9030,Mariakerke,house,bungalow,for-sale,175,740,,,True,,3,0,C,286,1977,TO_BE_DONE_UP,GAS,1,,,,,,Convas,2026-06-12,2026-06-12
21622620,https://www.immoweb.be/en/classified/21622620,House for sale in GENT,315000,Wilgestraat 60,9000,GENT,house,house,for-sale,100,41,,,,,3,1,C,251,1918,GOOD,GAS,,,False,False,NON_FLOOD_ZONE,464,CENTURY 21 Partners Gent,2026-06-12,2026-06-12
21622619,https://www.immoweb.be/en/classified/21622619,House for sale in GENT,299000,Cederstraat 68,9000,GENT,house,house,for-sale,121,70,,,,,4,1,E,454,,TO_RENOVATE,GAS,,,False,False,NON_FLOOD_ZONE,275,CENTURY 21 Partners Gent,2026-06-12,2026-06-12
21622235,https://www.immoweb.be/en/classified/21622235,House for sale in Wondelgem,395000,zandstraat 7,9032,Wondelgem,house,house,for-sale,157,150,,,True,,4,2,B,199,1930,GOOD,GAS,,,False,,NON_FLOOD_ZONE,550,Makelaarshuys,2026-06-12,2026-06-12
21622230,https://www.immoweb.be/en/classified/21622230,Villa for sale in Zwijnaarde,1245000,Kappetragel 1,9052,Zwijnaarde,house,villa,for-sale,517,5480,,,,,8,5,B,187,1969,AS_NEW,GAS,6,6,False,,NON_FLOOD_ZONE,1869,IRRES,2026-06-12,2026-06-12
21622194,https://www.immoweb.be/en/classified/21622194,House for sale in Gent,349000,Gangmakersstraat 16,9000,Gent,house,house,for-sale,61,30,,,,,3,1,C,215,,GOOD,GAS,,,,False,NON_FLOOD_ZONE,317,Immo T bvba,2026-06-12,2026-06-12
21622010,https://www.immoweb.be/en/classified/21622010,House for sale in Gent,480000,Oscar Colbrandtstraat 44,9040,Gent,house,house,for-sale,220,71,,,True,14,2,1,C,268,1913,GOOD,GAS,,,False,,NON_FLOOD_ZONE,718,PRIVATE,2026-06-12,2026-06-12
21621857,https://www.immoweb.be/en/classified/21621857,House for sale in Gent,320000,Ganzendries 159,9000,Gent,house,house,for-sale,68,68,,,True,1,4,,F,0,1930,TO_RENOVATE,GAS,,,False,,,356,Vandeven & Hellemans Vastgoed,2026-06-12,2026-06-12
21621846,https://www.immoweb.be/en/classified/21621846,Mansion for sale in Gent,949000,Sint-Machariusstraat 26,9000,Gent,house,mansion,for-sale,428,0,,,,,6,2,C,282,,GOOD,GAS,,,,,,,Immo Francois Gent,2026-06-12,2026-06-12
21621778,https://www.immoweb.be/en/classified/21621778,House for sale in Gent (9000),385000,Ooievaarstraat 5,9000,Gent (9000),house,house,for-sale,115,100,,,True,,2,1,B,200,0,AS_NEW,,,,False,,NON_FLOOD_ZONE,252,Makelaarshuys,2026-06-12,2026-06-12
21621701,https://www.immoweb.be/en/classified/21621701,House for sale in Gent,295000,Sint-Jacobsnieuwstraat 87,9000,Gent,house,house,for-sale,,0,,,,,0,0,A,,2026,AS_NEW,,,,,,,,Shape,2026-06-12,2026-06-12
21621638,https://www.immoweb.be/en/classified/21621638,House for sale in Gent,495000,Lindestraat 33,9042,Gent,house,house,for-sale,201,5114,,,True,,5,1,C,231,1994,GOOD,FUELOIL,1,,False,False,NON_FLOOD_ZONE,1275,Horse Immo,2026-06-12,2026-06-12
21621458,https://www.immoweb.be/en/classified/21621458,House for sale in Gentbrugge,365000,Arsenaalstraat 72,9050,Gentbrugge,house,house,for-sale,120,66,,,True,16,3,1,C,210,1918,GOOD,GAS,,,,False,NON_FLOOD_ZONE,538,Vizit vastgoed,2026-06-12,2026-06-12
21621442,https://www.immoweb.be/en/classified/21621442,House for sale in GENT,269000,Magnoliastraat 1,9000,GENT,house,house,for-sale,107,44,,,,,3,1,F,641,1900,TO_RENOVATE,GAS,,,False,False,NON_FLOOD_ZONE,,Verdegem Vastgoed,2026-06-12,2026-06-12
21621406,https://www.immoweb.be/en/classified/21621406,Country_cottage for sale in Gent,,,9052,Gent,house,country_cottage,for-sale,763,8268,True,1,True,1,5,2,B,0,2004,AS_NEW,FUELOIL,4,6,False,,NON_FLOOD_ZONE,,Provide,2026-06-12,2026-06-12
21621363,https://www.immoweb.be/en/classified/21621363,House for sale in Ledeberg,420000,Frans De Coninckstraat 4,9050,Ledeberg,house,house,for-sale,,140,,,,,1,,F,859,,,,,,,,NON_FLOOD_ZONE,522,"NOTARISKANTOOR VERHAEGHE,BAERT & VERTRIEST",2026-06-12,2026-06-12
21621341,https://www.immoweb.be/en/classified/21621341,House for sale in Gent,349000,Geraard Mercatorstraat 17,9000,Gent,house,house,for-sale,121,97,True,16,True,,3,1,D,304,1936,,GAS,,,False,False,NON_FLOOD_ZONE,451,ERA Wonen Sint-Niklaas,2026-06-12,2026-06-12
21621213,https://www.immoweb.be/en/classified/21621213,House for sale in Gent,375000,Hamerstraat 75,9000,Gent,house,house,for-sale,105,44,,,,,3,1,B,167,,GOOD,GAS,,,,,NON_FLOOD_ZONE,242,Carlo Eggermont,2026-06-12,2026-06-12
21621142,https://www.immoweb.be/en/classified/21621142,House for sale in Gent,285000,Hortensiastraat 15,9000,Gent,house,house,for-sale,133,82,True,16,,,3,1,E,492,1918,,GAS,,,False,False,NON_FLOOD_ZONE,327,ERA Wonen Gent,2026-06-12,2026-06-12
21621141,https://www.immoweb.be/en/classified/21621141,House for sale in Gent,324000,Wielewaalstraat 8,9000,Gent,house,house,for-sale,112,62,,,True,,4,1,C,264,1930,,GAS,,,False,False,NON_FLOOD_ZONE,309,ERA Wonen Gent,2026-06-12,2026-06-12
21621102,https://www.immoweb.be/en/classified/21621102,House for sale in Gent,399000,Kogelstraat 69,9000,Gent,house,house,for-sale,190,195,True,68,,,4,1,C,282,1958,,FUELOIL,,,False,False,NON_FLOOD_ZONE,721,ERA Wonen Gent,2026-06-12,2026-06-12
21621100,https://www.immoweb.be/en/classified/21621100,House for sale in Gent,280000,Ijskelderstraat 144,9000,Gent,house,house,for-sale,121,55,,,,,3,1,C,296,1899,,GAS,,,False,False,NON_FLOOD_ZONE,671,ERA Wonen Sint-Niklaas,2026-06-12,2026-06-12
21620882,https://www.immoweb.be/en/classified/21620882,Mixed_use_building for sale in Gent,1100000,Oudburg 17,9000,Gent,house,mixed_use_building,for-sale,327,89,,,True,,3,1,D,305,1850,,GAS,,,,False,,1113,Immo Nobels,2026-06-12,2026-06-12
21620814,https://www.immoweb.be/en/classified/21620814,House for sale in Gent,785000,Frans Spaestraat 10,9000,Gent,house,house,for-sale,173,105,True,40,,,3,1,B,,1937,AS_NEW,GAS,,,False,,NON_FLOOD_ZONE,470,Found & Baker Oost-Vlaanderen,2026-06-12,2026-06-12
21620455,https://www.immoweb.be/en/classified/21620455,House for sale in Sint-Denijs-Westrem,1240000,James Ensorlaan 45,9051,Sint-Denijs-Westrem,house,house,for-sale,284,1382,,,True,,4,1,C,203,1995,AS_NEW,GAS,2,3,False,,NON_FLOOD_ZONE,2742,IRRES,2026-06-12,2026-06-12
21620186,https://www.immoweb.be/en/classified/21620186,House for sale in Gent,439000,Harelbekestraat 6,9000,Gent,house,house,for-sale,129,78,,,True,,4,1,D,362,1936,GOOD,GAS,1,,False,False,NON_FLOOD_ZONE,777,TOP Vastgoed,2026-06-12,2026-06-12
21620145,https://www.immoweb.be/en/classified/21620145,House for sale in Sint-Kruiswinkel,595000,Winkelwarande 22,9042,Sint-Kruiswinkel,house,house,for-sale,216,1315,,,True,,3,1,E,409,1988,,ELECTRIC,1,1,False,False,NON_FLOOD_ZONE,1031,ERA Thuis Zelzate,2026-06-12,2026-06-12
21620059,https://www.immoweb.be/en/classified/21620059,Bungalow for sale in Gent Drongen,495000,Boonstede 8,9031,Gent Drongen,house,bungalow,for-sale,187,819,True,485,True,40,4,1,D,399,1967,GOOD,ELECTRIC,,,False,False,NON_FLOOD_ZONE,1075,Immo Da Vinci,2026-06-12,2026-06-12
21620040,https://www.immoweb.be/en/classified/21620040,House_group for sale in Gentbrugge,,Tennisstraat / Arthur Van Laethemstraat,9050,Gentbrugge,house_group,house_group,for-sale,,,,,,,,,,,,,,,,,,NON_FLOOD_ZONE,,Immo Da Vinci,2026-06-12,2026-06-12
21620015,https://www.immoweb.be/en/classified/21620015,House for sale in SINT-AMANDSBERG,375000,KLINKKOUTERSTRAAT 52,9040,SINT-AMANDSBERG,house,house,for-sale,176,77,,,True,15,4,,D,389,1931,GOOD,GAS,,,False,False,,,CANNOODT,2026-06-12,2026-06-12
21619970,https://www.immoweb.be/en/classified/21619970,House for sale in GENTBRUGGE,545000,Henri Bouckaertstraat 24,9050,GENTBRUGGE,house,house,for-sale,132,100,,,,,3,1,A,95,1934,JUST_RENOVATED,GAS,,,False,False,CIRCUMSCRIBED_FLOOD_ZONE,352,Axel Lenaerts Makelaars Destelbergen,2026-06-12,2026-06-12
21619968,https://www.immoweb.be/en/classified/21619968,House for sale in GENT,429000,Geitstraat 3,9000,GENT,house,house,for-sale,110,80,,,,,3,1,B,183,1874,JUST_RENOVATED,,,,False,False,NON_FLOOD_ZONE,257,Axel Lenaerts Makelaars Destelbergen,2026-06-12,2026-06-12
21619785,https://www.immoweb.be/en/classified/21619785,House for sale in Oostakker,269000,Henri Bernard de Tracylaan 48,9041,Oostakker,house,house,for-sale,138,0,,,,,2,1,D,312,1957,TO_RENOVATE,GAS,,,,False,NON_FLOOD_ZONE,364,Waardevol Vastgoed,2026-06-12,2026-06-12
21619663,https://www.immoweb.be/en/classified/21619663,House for sale in Mariakerke,420000,Groendreef 179,9030,Mariakerke,house,house,for-sale,167,80,,,True,,4,2,B,145,1899,JUST_RENOVATED,GAS,,,,,,502,Convas,2026-06-12,2026-06-12
21619619,https://www.immoweb.be/en/classified/21619619,House for sale in Gent,295000,Lobeliastraat 27,9000,Gent,house,house,for-sale,92,47,,,,,2,1,C,291,,GOOD,GAS,,,,,NON_FLOOD_ZONE,270,Febimmo,2026-06-12,2026-06-12
21619554,https://www.immoweb.be/en/classified/21619554,House for sale in Gent,399000,Francisco Ferrerlaan 461,9000,Gent,house,house,for-sale,167,0,,,,,4,1,B,193,,GOOD,GAS,,,,False,NON_FLOOD_ZONE,513,Van Welden Vastgoed,2026-06-12,2026-06-12
21619507,https://www.immoweb.be/en/classified/21619507,Town_house for sale in Gent,530000,Beekstraat 138,9031,Gent,house,town_house,for-sale,220,550,True,300,True,24,3,2,A,84,1989,GOOD,GAS,,4,False,,RECOGNIZED_FLOOD_ZONE,1132,PRIVATE,2026-06-12,2026-06-12
21619386,https://www.immoweb.be/en/classified/21619386,House for sale in Gent,445000,Berouw 170,9000,Gent,house,house,for-sale,187,59,True,6,,,5,2,B,200,1899,AS_NEW,,,,False,,POSSIBLE_FLOOD_ZONE,,Huysewinkel Gent BV,2026-06-12,2026-06-12
21618947,https://www.immoweb.be/en/classified/21618947,House for sale in Gent,465000,Uilkensstraat 91,9000,Gent,house,house,for-sale,147,119,True,25,True,,2,2,B,,1918,GOOD,,,,False,,,352,Flame Estate,2026-06-12,2026-06-12
21618502,https://www.immoweb.be/en/classified/21618502,House for sale in Gent,650000,Vinderhoutsedam 25,9030,Gent,house,house,for-sale,267,854,,,,,4,1,B,153,,,GAS,,,False,,,1879,I-MOOV,2026-06-12,2026-06-12
21618306,https://www.immoweb.be/en/classified/21618306,House for sale in Gent,121000,Gustaaf Eylenboschplein 10,9000,Gent,house,house,for-sale,,128,,,,,3,,,,,GOOD,,,,,,,409,Notaris Joost EEMAN,2026-06-12,2026-06-12
21618288,https://www.immoweb.be/en/classified/21618288,House for sale in Drongen,1100000,Dijkweg 4,9031,Drongen,house,house,for-sale,167,788,True,400,True,12,3,1,A,46,2020,GOOD,GAS,1,,False,False,NON_FLOOD_ZONE,1146,Dewaele Do It Yourself,2026-06-12,2026-06-12
21618185,https://www.immoweb.be/en/classified/21618185,House for sale in Gent,349000,Frederik Burvenichstraat 218,9050,Gent,house,house,for-sale,176,105,,,,,4,2,D,301,1950,TO_BE_DONE_UP,ELECTRIC,,1,False,,NON_FLOOD_ZONE,,Herbert Lambrecht,2026-06-12,2026-06-12
21618081,https://www.immoweb.be/en/classified/21618081,Villa for sale in Sint-Denijs-Westrem,775000,Stijn Streuvelslaan 6,9051,Sint-Denijs-Westrem,house,villa,for-sale,260,784,True,600,True,,4,2,F,738,1970,TO_BE_DONE_UP,GAS,1,,,False,NON_FLOOD_ZONE,1591,Carlo Eggermont,2026-06-12,2026-06-12
21618070,https://www.immoweb.be/en/classified/21618070,House for sale in Oostakker,479490,Pijphoekstraat 20,9041,Oostakker,house,house,for-sale,,124,,,,,3,1,A,,2026,AS_NEW,,,,,False,NON_FLOOD_ZONE,,Huysman Bouw NV,2026-06-12,2026-06-12
21618051,https://www.immoweb.be/en/classified/21618051,House for sale in Oostakker,439490,Pijphoekstraat 20,9041,Oostakker,house,house,for-sale,,125,,,,,3,1,A,,2026,AS_NEW,,,,,False,NON_FLOOD_ZONE,,Huysman Bouw NV,2026-06-12,2026-06-12
21618043,https://www.immoweb.be/en/classified/21618043,House for sale in Oostakker,479490,Pijphoekstraat 20,9041,Oostakker,house,house,for-sale,,124,,,,,3,1,A,,2026,AS_NEW,,,,,False,NON_FLOOD_ZONE,,Huysman Bouw NV,2026-06-12,2026-06-12
21618030,https://www.immoweb.be/en/classified/21618030,House for sale in Oostakker,489620,Pijphoekstraat 20,9041,Oostakker,house,house,for-sale,,132,,,,,3,2,A,,2026,AS_NEW,,,,,False,NON_FLOOD_ZONE,,Huysman Bouw NV,2026-06-12,2026-06-12
21618011,https://www.immoweb.be/en/classified/21618011,House for sale in Oostakker,549420,Pijphoekstraat 20,9041,Oostakker,house,house,for-sale,,176,,,,,4,0,A,,2026,AS_NEW,,,,,False,NON_FLOOD_ZONE,,Huysman Bouw NV,2026-06-12,2026-06-12
21618000,https://www.immoweb.be/en/classified/21618000,House for sale in Oostakker,549420,Pijphoekstraat 20,9041,Oostakker,house,house,for-sale,,176,,,,,4,2,A,,2026,AS_NEW,,,,,False,NON_FLOOD_ZONE,,Huysman Bouw NV,2026-06-12,2026-06-12
21617796,https://www.immoweb.be/en/classified/21617796,House for sale in Gent,298000,Hogeweg 11,9000,Gent,house,house,for-sale,129,97,True,25,,,2,1,D,378,1953,GOOD,GAS,,,False,,NON_FLOOD_ZONE,801,De Vastgoedadviseur,2026-06-12,2026-06-12
21617540,https://www.immoweb.be/en/classified/21617540,House for sale in Gent,350000,Adolf Van Ooteghemstraat 38,9000,Gent,house,house,for-sale,151,71,True,8,True,5,4,2,E,428,1952,GOOD,ELECTRIC,,,False,,NON_FLOOD_ZONE,500,Roman Vastgoed,2026-06-12,2026-06-12
21617153,https://www.immoweb.be/en/classified/21617153,House for sale in Gent,345000,Slinke Molenstraat 29,9000,Gent,house,house,for-sale,115,52,,,True,,4,2,C,280,1940,GOOD,GAS,,,False,False,POSSIBLE_FLOOD_ZONE,332,Topo-Immo Denderhoutem,2026-06-12,2026-06-12
21616759,https://www.immoweb.be/en/classified/21616759,House for sale in Oostakker,315000,Puigem 2,9041,Oostakker,house,house,for-sale,88,140,,,,,2,1,B,142,,TO_BE_DONE_UP,GAS,,,False,,NON_FLOOD_ZONE,376,PRIVATE,2026-06-12,2026-06-12
21616395,https://www.immoweb.be/en/classified/21616395,House for sale in Gent,380000,Schommelstraat 23,9000,Gent,house,house,for-sale,,90,,,,,4,1,C,,,,GAS,,,False,,NON_FLOOD_ZONE,,PRIVATE,2026-06-12,2026-06-12
21616329,https://www.immoweb.be/en/classified/21616329,House for sale in Gent,315000,Zomerstraat 11,9000,Gent,house,house,for-sale,128,77,True,18,True,,4,1,E,487,,TO_BE_DONE_UP,,,,,False,,339,TOP Vastgoed,2026-06-12,2026-06-12
21616037,https://www.immoweb.be/en/classified/21616037,House for sale in Gentbrugge,315000,Huurhouderijstraat 19,9050,Gentbrugge,house,house,for-sale,,100,,,,,2,1,B,189,,,,,,,,NON_FLOOD_ZONE,,Oranjeberg,2026-06-12,2026-06-12
21616029,https://www.immoweb.be/en/classified/21616029,House for sale in Gent,315000,Huurhouderijstraat 19,9000,Gent,house,house,for-sale,,100,,,,,2,1,B,189,,,,,,,,NON_FLOOD_ZONE,,Oranjeberg,2026-06-12,2026-06-12
21615955,https://www.immoweb.be/en/classified/21615955,House for sale in Gent,699000,Frans van Ryhovelaan 218,9000,Gent,house,house,for-sale,392,392,,,True,,7,1,F,589,1959,TO_RENOVATE,FUELOIL,,,,False,NON_FLOOD_ZONE,,Waardevol Vastgoed,2026-06-12,2026-06-12
21615650,https://www.immoweb.be/en/classified/21615650,House for sale in Gent,395000,Pijlkruidstraat 24,9032,Gent,house,house,for-sale,195,238,True,120,True,10,3,1,C,288,1975,GOOD,GAS,,1,False,,,902,Immo Van Sande,2026-06-12,2026-06-12
21615595,https://www.immoweb.be/en/classified/21615595,House for sale in Gent,399000,Ottergemsesteenweg 88,9000,Gent,house,house,for-sale,129,56,,,,,3,1,B,172,,GOOD,GAS,,,False,,NON_FLOOD_ZONE,297,PRIVATE,2026-06-12,2026-06-12
21615520,https://www.immoweb.be/en/classified/21615520,House for sale in Gent,495000,Snepkaai 36,9000,Gent,house,house,for-sale,141,439,True,196,True,16,3,2,C,267,1956,TO_BE_DONE_UP,,1,2,False,,NON_FLOOD_ZONE,721,IRRES,2026-06-12,2026-06-12
21615511,https://www.immoweb.be/en/classified/21615511,House for sale in Gent,379000,Huurhouderijstraat -,9050,Gent,house,house,for-sale,95,43,,,True,,3,1,,,,GOOD,GAS,,,False,,,,VICUS,2026-06-12,2026-06-12
21615419,https://www.immoweb.be/en/classified/21615419,House for sale in Ledeberg,315000,Huurhouderijstraat 19,9050,Ledeberg,house,house,for-sale,,100,,,,,2,1,B,189,,,,,,,,NON_FLOOD_ZONE,,Oranjeberg,2026-06-12,2026-06-12
21615414,https://www.immoweb.be/en/classified/21615414,House for sale in Zwijnaarde,395000,Hutsepotstraat 76,9052,Zwijnaarde,house,house,for-sale,150,380,True,150,True,19,3,1,C,213,,AS_NEW,,,2,,False,,639,Cornelis Goeman Merelbeke,2026-06-12,2026-06-12
21615038,https://www.immoweb.be/en/classified/21615038,House for sale in Desteldonk,358000,Nokerstraat 3,9042,Desteldonk,house,house,for-sale,160,265,,,True,,3,1,,,2025,GOOD,,,2,False,,NON_FLOOD_ZONE,2,Vastgoedkantoor IMMO-HOME,2026-06-12,2026-06-12
21614662,https://www.immoweb.be/en/classified/21614662,House for sale in Gent,329500,Hilarius Bertolfstraat 66,9050,Gent,house,house,for-sale,122,136,,,True,20,5,1,D,366,,TO_BE_DONE_UP,GAS,,,False,False,NON_FLOOD_ZONE,327,Entree,2026-06-12,2026-06-12
21614297,https://www.immoweb.be/en/classified/21614297,House for sale in Sint-Amandsberg,329000,Burgemeester Meirsonstraat 54,9040,Sint-Amandsberg,house,house,for-sale,131,0,,,,,2,1,E,471,,TO_RENOVATE,,,,,,,,Convas,2026-06-12,2026-06-12
21614253,https://www.immoweb.be/en/classified/21614253,House for sale in Gent,328500,Madeliefjesstraat 39,9000,Gent,house,house,for-sale,79,79,,,True,,2,1,B,176,,JUST_RENOVATED,,,,,False,NON_FLOOD_ZONE,,Oranjeberg,2026-06-12,2026-06-12
21614227,https://www.immoweb.be/en/classified/21614227,House for sale in Gentbrugge,449000,Henri Bouckaertstraat 7,9050,Gentbrugge,house,house,for-sale,210,126,True,28,True,,4,2,C,292,1972,TO_RENOVATE,,2,,,False,NON_FLOOD_ZONE,1864,Convas,2026-06-12,2026-06-12
21614223,https://www.immoweb.be/en/classified/21614223,House for sale in Gent,374900,Cederstraat 31,9000,Gent,house,house,for-sale,115,60,True,6,True,,4,1,A,99,1899,AS_NEW,GAS,,,False,,NON_FLOOD_ZONE,428,Hillewaere Vastgoed Gent,2026-06-12,2026-06-12
21614220,https://www.immoweb.be/en/classified/21614220,House for sale in Gent,328500,Madeliefjesstraat 41,9000,Gent,house,house,for-sale,,79,,,True,,2,1,B,176,,JUST_RENOVATED,,,,,False,NON_FLOOD_ZONE,,Oranjeberg,2026-06-12,2026-06-12
21614044,https://www.immoweb.be/en/classified/21614044,Villa for sale in DRONGEN,987000,Renpaardlaan 14,9031,DRONGEN,house,villa,for-sale,423,1665,,,True,,3,1,D,347,1975,,FUELOIL,2,4,False,False,NON_FLOOD_ZONE,1752,Infinimo,2026-06-12,2026-06-12
21613864,https://www.immoweb.be/en/classified/21613864,House for sale in Sint-Amandsberg,379000,,9040,Sint-Amandsberg,house,house,for-sale,160,307,,,True,20,3,1,C,225,1995,AS_NEW,GAS,1,,False,False,,875,CANNOODT,2026-06-12,2026-06-12
21613865,https://www.immoweb.be/en/classified/21613865,House for sale in Sint-Amandsberg,389000,Wittemolenstraat 58,9040,Sint-Amandsberg,house,house,for-sale,,82,,,True,32,3,,B,182,,AS_NEW,GAS,,,False,False,,,CANNOODT,2026-06-12,2026-06-12
21613863,https://www.immoweb.be/en/classified/21613863,House for sale in GENT,374000,Dikkelindestraat 23,9000,GENT,house,house,for-sale,129,94,,,True,36,5,,B,148,,AS_NEW,GAS,,,False,False,,,CANNOODT,2026-06-12,2026-06-12
21613763,https://www.immoweb.be/en/classified/21613763,House for sale in Drongen,499000,Asselsstraat 46,9031,Drongen,house,house,for-sale,142,593,,,True,,3,1,F,713,,TO_RENOVATE,,,,,False,NON_FLOOD_ZONE,666,Convas,2026-06-12,2026-06-12
21613738,https://www.immoweb.be/en/classified/21613738,House for sale in Gent,325000,Limbastraat 68,9000,Gent,house,house,for-sale,100,96,True,30,True,12,2,1,B,,1899,JUST_RENOVATED,GAS,,1,False,,NON_FLOOD_ZONE,400,PRIVATE,2026-06-12,2026-06-12
21613714,https://www.immoweb.be/en/classified/21613714,House for sale in Gent,1545000,Lozevisserstraat 72-74,9000,Gent,house,house,for-sale,416,312,True,105,True,65,3,3,C,253,1899,AS_NEW,GAS,2,,,False,NON_FLOOD_ZONE,1324,Immo - Atelier,2026-06-12,2026-06-12
21613646,https://www.immoweb.be/en/classified/21613646,House for sale in Gent,399000,Wittemolenstraat 23,9040,Gent,house,house,for-sale,123,89,True,44,,,3,1,B,,,GOOD,GAS,,,False,,NON_FLOOD_ZONE,640,PRIVATE,2026-06-12,2026-06-12
21613518,https://www.immoweb.be/en/classified/21613518,House for sale in Gent,425000,Lieven Delaruyestraat 66,9000,Gent,house,house,for-sale,200,86,,,True,,2,2,B,176,1960,GOOD,GAS,,,,,NON_FLOOD_ZONE,542,Lo-Immo bvba,2026-06-12,2026-06-12
21611814,https://www.immoweb.be/en/classified/21611814,House for sale in Wondelgem,494980,Stenenkruis -,9032,Wondelgem,house,house,for-sale,,375,,,,,3,1,,,2025,,,,,,,,,Dimmo bvba.,2026-06-12,2026-06-12
21611720,https://www.immoweb.be/en/classified/21611720,House for sale in Gent,275000,Haverstraat 30,9000,Gent,house,house,for-sale,138,82,,,True,,5,1,E,463,,,GAS,,,False,,NON_FLOOD_ZONE,267,Agence Rosseel,2026-06-12,2026-06-12
21611551,https://www.immoweb.be/en/classified/21611551,House for sale in OOSTAKKER,385000,Gentstraat 247,9041,OOSTAKKER,house,house,for-sale,162,230,,,True,,3,2,B,143,,JUST_RENOVATED,GAS,1,,False,False,NON_FLOOD_ZONE,349,Pattymo,2026-06-12,2026-06-12
21611316,https://www.immoweb.be/en/classified/21611316,House for sale in Gent,350000,Adolf Van Ooteghemstraat 38,9050,Gent,house,house,for-sale,151,71,True,8,True,5,4,2,E,428,1952,GOOD,ELECTRIC,,,False,,NON_FLOOD_ZONE,500,Roman Vastgoed,2026-06-12,2026-06-12
21611029,https://www.immoweb.be/en/classified/21611029,House for sale in Gent,420000,Abdijmolenstraat 5,9031,Gent,house,house,for-sale,,102,,,True,1,3,1,A,60,,,,,,False,,NON_FLOOD_ZONE,218,House to Home,2026-06-12,2026-06-12
21610797,https://www.immoweb.be/en/classified/21610797,Apartment_block for sale in Gent,540000,Begijnengracht 12,9000,Gent,house,apartment_block,for-sale,130,58,,,True,8,4,4,D,340,1850,GOOD,GAS,,,False,True,,,TREVI Gent,2026-06-12,2026-06-12
21316409,https://www.immoweb.be/en/classified/21316409,Apartment_block for sale in GENT,465000,Victor Frisstraat 8,9000,GENT,house,apartment_block,for-sale,147,0,,,,,5,2,B,186,1899,JUST_RENOVATED,GAS,,,False,True,NON_FLOOD_ZONE,282,CENTURY 21 Partners Gent,2026-06-12,2026-06-12
21610585,https://www.immoweb.be/en/classified/21610585,House for sale in Gent,400000,Kapittelstraat 5,9000,Gent,house,house,for-sale,105,0,,,True,6,2,1,C,253,,,GAS,,,False,,NON_FLOOD_ZONE,280,VDS Vastgoed,2026-06-12,2026-06-12
21610503,https://www.immoweb.be/en/classified/21610503,House for sale in Zwijnaarde,858000,Maaltemeers 62,9052,Zwijnaarde,house,house,for-sale,182,1661,,,True,,3,1,A+,30,2025,AS_NEW,,,,False,,NON_FLOOD_ZONE,,Huysewinkel Latem,2026-06-12,2026-06-12
21610145,https://www.immoweb.be/en/classified/21610145,House for sale in Gent,625000,Hof Van Oombergen 22,9041,Gent,house,house,for-sale,200,324,True,1,True,1,4,1,B,114,2016,AS_NEW,GAS,1,2,False,,NON_FLOOD_ZONE,836,Refresh Vastgoedburo,2026-06-12,2026-06-12
21610128,https://www.immoweb.be/en/classified/21610128,House for sale in SINT-AMANDSBERG,299000,Gentbruggestraat 137,9040,SINT-AMANDSBERG,house,house,for-sale,204,105,,,True,17,4,,D,358,1918,GOOD,GAS,,,False,False,,454,CANNOODT,2026-06-12,2026-06-12
21610095,https://www.immoweb.be/en/classified/21610095,Mixed_use_building for sale in Gent Sint-Denijs-Westrem,398500,Sint-Dionysiusstraat 54,9051,Gent Sint-Denijs-Westrem,house,mixed_use_building,for-sale,176,115,True,27,True,27,2,1,C,254,1950,GOOD,GAS,,,False,False,NON_FLOOD_ZONE,,Immo Da Vinci,2026-06-12,2026-06-12
21610034,https://www.immoweb.be/en/classified/21610034,House for sale in Gent,559000,Elsstraat 4,9000,Gent,house,house,for-sale,159,159,True,55,,,3,2,A,16,2025,AS_NEW,,,,,False,NON_FLOOD_ZONE,,Square Real Estate,2026-06-12,2026-06-12
21609815,https://www.immoweb.be/en/classified/21609815,House for sale in Gent,595000,Jan Verspeyenstraat 2,9000,Gent,house,house,for-sale,132,39,,,True,4,3,2,C,,,AS_NEW,GAS,,,False,,NON_FLOOD_ZONE,,PRIVATE,2026-06-12,2026-06-12
21609671,https://www.immoweb.be/en/classified/21609671,House for sale in Gent,357000,Meulesteedsesteenweg 294,9000,Gent,house,house,for-sale,126,60,,,,,3,1,C,,1874,GOOD,GAS,,,False,,POSSIBLE_FLOOD_ZONE,,PRIVATE,2026-06-12,2026-06-12
21609471,https://www.immoweb.be/en/classified/21609471,House for sale in Gent,395000,Rooigemlaan 23,9000,Gent,house,house,for-sale,169,175,True,100,True,7,3,1,B,196,1918,,,,,,,NON_FLOOD_ZONE,721,Crevits,2026-06-12,2026-06-12
21609413,https://www.immoweb.be/en/classified/21609413,House for sale in Gent,309000,Victor Frisstraat 12,9000,Gent,house,house,for-sale,75,32,,,,,2,1,B,197,,AS_NEW,GAS,,,False,,,225,Reximmo,2026-06-12,2026-06-12
21609394,https://www.immoweb.be/en/classified/21609394,Apartment_block for sale in Gent,495000,Wasstraat 130,9000,Gent,house,apartment_block,for-sale,211,0,True,7,,,0,,C,275,,,GAS,,,False,False,NON_FLOOD_ZONE,,Estero Rentmeesters,2026-06-12,2026-06-12
21609288,https://www.immoweb.be/en/classified/21609288,House for sale in Gent,369000,Klapeksterstraat 17,9000,Gent,house,house,for-sale,125,51,,,True,,3,1,B,200,1962,GOOD,GAS,,,False,False,,380,VICUS,2026-06-12,2026-06-12
21609259,https://www.immoweb.be/en/classified/21609259,House for sale in Gent,265000,Frans van Ryhovelaan 145,9000,Gent,house,house,for-sale,133,62,,,,,1,1,E,437,,TO_RENOVATE,GAS,,,,False,,634,TOP Vastgoed,2026-06-12,2026-06-12
21609237,https://www.immoweb.be/en/classified/21609237,House for sale in Gent,520000,Reginald Warnefordstraat 100,9040,Gent,house,house,for-sale,186,140,True,60,True,16,4,1,C,264,,GOOD,GAS,,,False,,NON_FLOOD_ZONE,619,Gregory Pieters,2026-06-12,2026-06-12
21609003,https://www.immoweb.be/en/classified/21609003,House for sale in Gent,295000,Rooigemlaan 605,9000,Gent,house,house,for-sale,100,33,True,3,,,2,2,C,253,0,GOOD,,,,False,,NON_FLOOD_ZONE,,Roman Vastgoed,2026-06-12,2026-06-12
21608951,https://www.immoweb.be/en/classified/21608951,House for sale in Drongen,1947000,Gaverlandstraat 29,9031,Drongen,house,house,for-sale,335,3312,,,True,60,5,2,F,583,1951,TO_RENOVATE,FUELOIL,,,False,,NON_FLOOD_ZONE,1607,IRRES,2026-06-12,2026-06-12
21608861,https://www.immoweb.be/en/classified/21608861,House for sale in Mariakerke,550000,Kolegemkouter 2,9030,Mariakerke,house,house,for-sale,139,424,True,316,,,3,1,C,295,1956,GOOD,GAS,,3,,False,,770,TOP Vastgoed,2026-06-12,2026-06-12
21608862,https://www.immoweb.be/en/classified/21608862,House for sale in Wondelgem,415000,Egelstraat 27,9032,Wondelgem,house,house,for-sale,198,335,True,242,True,,4,1,C,283,1970,TO_BE_DONE_UP,FUELOIL,1,2,,False,,1199,TOP Vastgoed,2026-06-12,2026-06-12
21608812,https://www.immoweb.be/en/classified/21608812,Villa for sale in Mendonk,,Oostdonkstraat 2,9042,Mendonk,house,villa,for-sale,563,70623,,,True,,4,4,C,231,1992,AS_NEW,FUELOIL,2,4,,,NON_FLOOD_ZONE,,ImmoMaMo,2026-06-12,2026-06-12
21608592,https://www.immoweb.be/en/classified/21608592,House for sale in Gent,790000,Louis Delebecquelaan 26,9051,Gent,house,house,for-sale,253,1519,True,1423,True,24,3,1,A,80,1956,GOOD,GAS,1,3,False,False,NON_FLOOD_ZONE,1099,Vastgoed Dejonghe,2026-06-12,2026-06-12
21608537,https://www.immoweb.be/en/classified/21608537,House for sale in Gent,339000,Keizer Leopoldstraat 22,9000,Gent,house,house,for-sale,136,51,,,,,3,1,D,352,1850,GOOD,GAS,,,False,False,,,VICUS,2026-06-12,2026-06-12
21608331,https://www.immoweb.be/en/classified/21608331,House for sale in Gent,450000,Van den Heckestraat 80,9000,Gent,house,house,for-sale,115,40,True,4,,,3,1,A,50,2025,GOOD,,,,False,,NON_FLOOD_ZONE,,Roman Vastgoed,2026-06-12,2026-06-12
21608330,https://www.immoweb.be/en/classified/21608330,House for sale in Gent,450000,Van den Heckestraat 80,9050,Gent,house,house,for-sale,115,40,True,4,,,3,1,A,50,2025,GOOD,,,,False,,NON_FLOOD_ZONE,,Roman Vastgoed,2026-06-12,2026-06-12
21608236,https://www.immoweb.be/en/classified/21608236,Exceptional_property for sale in Sint-Amandsberg,595000,Adolf Baeyensstraat 33-35-35A.,9040,Sint-Amandsberg,house,exceptional_property,for-sale,252,239,True,132,True,,3,3,C,238,,GOOD,GAS,,,,False,NON_FLOOD_ZONE,1181,Vastgoed Unicum,2026-06-12,2026-06-12
21607703,https://www.immoweb.be/en/classified/21607703,House for sale in Wondelgem,440000,Marcastraat 48,9032,Wondelgem,house,house,for-sale,210,302,,,,,3,1,C,218,1994,GOOD,,1,2,,False,NON_FLOOD_ZONE,1194,Immo Yves,2026-06-12,2026-06-12
21607683,https://www.immoweb.be/en/classified/21607683,House for sale in Wondelgem,440000,Marcastraat 50,9032,Wondelgem,house,house,for-sale,210,302,,,,,3,1,C,249,1994,GOOD,,1,2,,False,NON_FLOOD_ZONE,1194,Immo Yves,2026-06-12,2026-06-12
21607600,https://www.immoweb.be/en/classified/21607600,House for sale in Gent,399000,Sint-Simonstraat 23,9000,Gent,house,house,for-sale,,70,True,25,True,25,2,1,B,133,,GOOD,GAS,,,,,POSSIBLE_FLOOD_ZONE,275,Cornelis Goeman Merelbeke,2026-06-12,2026-06-12
21607597,https://www.immoweb.be/en/classified/21607597,House for sale in Gent,249000,Sint-Lievenspoortstraat 110,9000,Gent,house,house,for-sale,40,43,,,True,,1,1,B,191,,GOOD,,,,,False,NON_FLOOD_ZONE,81,Block Vastgoed,2026-06-12,2026-06-12
21607498,https://www.immoweb.be/en/classified/21607498,House for sale in Gent,239000,,9000,Gent,house,house,for-sale,96,43,,,True,6,2,1,D,364,,AS_NEW,,,,False,True,NON_FLOOD_ZONE,,PRIVATE,2026-06-12,2026-06-12
21607208,https://www.immoweb.be/en/classified/21607208,House for sale in Gent,485000,Vriendschapstraat 33,9040,Gent,house,house,for-sale,140,125,True,1,True,1,4,1,A,79,,JUST_RENOVATED,GAS,,,False,,NON_FLOOD_ZONE,547,Huizentaal BV,2026-06-12,2026-06-12
21607096,https://www.immoweb.be/en/classified/21607096,House for sale in GENT,795000,,9000,GENT,house,house,for-sale,283,135,,,True,,4,4,C,265,,TO_BE_DONE_UP,GAS,,,False,False,NON_FLOOD_ZONE,461,Immo2life,2026-06-12,2026-06-12
21607095,https://www.immoweb.be/en/classified/21607095,House for sale in GENT,429000,Rooigemlaan 51,9000,GENT,house,house,for-sale,168,213,True,120,True,30,4,1,C,276,,GOOD,,,,False,False,NON_FLOOD_ZONE,446,CENTURY 21 Woonkantoor,2026-06-12,2026-06-12
21606945,https://www.immoweb.be/en/classified/21606945,Apartment_block for sale in Sint-Amandsberg,595000,Adolf Baeyensstraat 33-35-35.A,9040,Sint-Amandsberg,house,apartment_block,for-sale,252,239,True,132,True,,3,3,C,238,,GOOD,GAS,,,,False,NON_FLOOD_ZONE,1181,Vastgoed Unicum,2026-06-12,2026-06-12
21606941,https://www.immoweb.be/en/classified/21606941,House for sale in Gent,1545000,Lozevisserstraat 72,9000,Gent,house,house,for-sale,414,312,True,102,True,,3,3,C,253,0,AS_NEW,,2,,False,,RECOGNIZED_FLOOD_ZONE,1324,Huysewinkel Gent BV,2026-06-12,2026-06-12
21606879,https://www.immoweb.be/en/classified/21606879,House for sale in Gent,1250000,Simon De Mirabellostraat 5,9000,Gent,house,house,for-sale,,0,True,1,True,1,7,,A,,,JUST_RENOVATED,,,,False,True,,,Acasa,2026-06-12,2026-06-12
21606834,https://www.immoweb.be/en/classified/21606834,House for sale in Gent,150000,,9000,Gent,house,house,for-sale,,150,True,50,True,12,1,,B,,,AS_NEW,PELLET,,,False,False,NON_FLOOD_ZONE,,PRIVATE,2026-06-12,2026-06-12
21606822,https://www.immoweb.be/en/classified/21606822,House for sale in Gent,399000,Reinaertstraat 103,9000,Gent,house,house,for-sale,202,145,True,34,,,5,1,D,386,1899,,GAS,,,False,False,NON_FLOOD_ZONE,741,ERA Wonen Gent,2026-06-12,2026-06-12
21606786,https://www.immoweb.be/en/classified/21606786,House for sale in Gent,225000,Wilgestraat 33,9000,Gent,house,house,for-sale,56,31,,,,,1,,D,382,,GOOD,GAS,,,False,,NON_FLOOD_ZONE,190,Vandersmissen Vastgoed,2026-06-12,2026-06-12
21606637,https://www.immoweb.be/en/classified/21606637,House for sale in Gent,519000,Verdedigingstraat 8,9000,Gent,house,house,for-sale,120,63,,,True,15,3,1,B,196,,GOOD,GAS,,,,,NON_FLOOD_ZONE,369,Convas,2026-06-12,2026-06-12
21606537,https://www.immoweb.be/en/classified/21606537,Apartment_block for sale in Gent,270000,Boerderijstraat 14/16,9000,Gent,house,apartment_block,for-sale,85,50,,,,,2,2,F,518,1899,TO_BE_DONE_UP,GAS,,,False,False,,453,Immo Da Vinci,2026-06-12,2026-06-12
21606538,https://www.immoweb.be/en/classified/21606538,Mixed_use_building for sale in Gent,389000,Nederzwijnaarde 99,9052,Gent,house,mixed_use_building,for-sale,120,40,,,,,1,1,B,166,,GOOD,GAS,,,False,False,NON_FLOOD_ZONE,772,Immo Da Vinci,2026-06-12,2026-06-12
21606493,https://www.immoweb.be/en/classified/21606493,House for sale in Gent,445000,Achterleie 31,9000,Gent,house,house,for-sale,152,67,,,,,4,1,F,591,1850,TO_RENOVATE,GAS,,,,,NON_FLOOD_ZONE,,Carlo Eggermont,2026-06-12,2026-06-12
21606355,https://www.immoweb.be/en/classified/21606355,House for sale in Gent,285000,Wilgestraat 57,9000,Gent,house,house,for-sale,70,29,,,,,1,1,A,100,1890,JUST_RENOVATED,GAS,,1,False,,NON_FLOOD_ZONE,233,PRIVATE,2026-06-12,2026-06-12
21606143,https://www.immoweb.be/en/classified/21606143,House for sale in Gent,545000,Lucas Munichstraat 7,9000,Gent,house,house,for-sale,115,75,True,18,True,18,3,1,A,49,,JUST_RENOVATED,GAS,,,False,,NON_FLOOD_ZONE,543,PRIVATE,2026-06-12,2026-06-12
21606040,https://www.immoweb.be/en/classified/21606040,House for sale in Gent,380000,Kluisstraat 2,9050,Gent,house,house,for-sale,173,115,,,,,3,1,F,,1935,GOOD,,,,False,,NON_FLOOD_ZONE,1061,Makelaarshuys,2026-06-12,2026-06-12
21605877,https://www.immoweb.be/en/classified/21605877,House for sale in Gent,897750,Blekerijstraat 43,9000,Gent,house,house,for-sale,408,266,True,162,True,12,6,3,C,,,TO_BE_DONE_UP,GAS,,,False,,NON_FLOOD_ZONE,1003,PRIVATE,2026-06-12,2026-06-12
21605865,https://www.immoweb.be/en/classified/21605865,House for sale in Gent,274500,Neringstraat 16,9000,Gent,house,house,for-sale,65,20,,,,,1,,B,174,1930,JUST_RENOVATED,GAS,,,False,,NON_FLOOD_ZONE,,PRIVATE,2026-06-12,2026-06-12
21605836,https://www.immoweb.be/en/classified/21605836,House for sale in Drongen,399900,Boelenaar 34,9031,Drongen,house,house,for-sale,180,380,True,12,True,15,3,1,C,220,1974,TO_BE_DONE_UP,GAS,,,False,,NON_FLOOD_ZONE,1018,Wolff Real Estate,2026-06-12,2026-06-12
21605835,https://www.immoweb.be/en/classified/21605835,Villa for sale in Drongen,459000,De Kemmeterlaan 14,9031,Drongen,house,villa,for-sale,202,877,,,True,,3,1,F,577,1985,,,1,2,,,NON_FLOOD_ZONE,,Vastgoed Spruyt,2026-06-12,2026-06-12
21605833,https://www.immoweb.be/en/classified/21605833,House for sale in Gent,449000,Hogekouterhof 34,9030,Gent,house,house,for-sale,517,517,True,1,True,1,3,1,D,387,1995,GOOD,ELECTRIC,1,1,False,,NON_FLOOD_ZONE,810,PRIVATE,2026-06-12,2026-06-12
21605720,https://www.immoweb.be/en/classified/21605720,House for sale in Gent,259500,Meulesteedsesteenweg 249,9000,Gent,house,house,for-sale,92,105,True,36,,,2,1,C,,,GOOD,,,,False,,,304,PRIVATE,2026-06-12,2026-06-12
21605672,https://www.immoweb.be/en/classified/21605672,House for sale in Mariakerke,338000,Jutestraat 99,9030,Mariakerke,house,house,for-sale,124,60,,,True,10,3,1,D,340,1936,GOOD,GAS,,,,,,,Cornelis Goeman Merelbeke,2026-06-12,2026-06-12
21605673,https://www.immoweb.be/en/classified/21605673,House for sale in Gent,338000,Jutestraat 99,9000,Gent,house,house,for-sale,124,60,,,True,10,3,1,D,340,1936,GOOD,GAS,,,,,,,Cornelis Goeman Merelbeke,2026-06-12,2026-06-12
21605670,https://www.immoweb.be/en/classified/21605670,Apartment_block for sale in Gent,978000,Francisco Ferrerlaan 32,9000,Gent,house,apartment_block,for-sale,248,106,,,,,6,3,A,97,,AS_NEW,,,,,,NON_FLOOD_ZONE,,Cornelis Goeman Merelbeke,2026-06-12,2026-06-12
21605540,https://www.immoweb.be/en/classified/21605540,House for sale in GENT,980000,Sint-Liesbetsteeg,9000,GENT,house,house,for-sale,174,131,,,True,53,3,,B,166,2010,GOOD,GAS,5,,False,False,NON_FLOOD_ZONE,,RESA vastgoed,2026-06-12,2026-06-12
21605116,https://www.immoweb.be/en/classified/21605116,House for sale in Gent,265000,Hamerstraat 76,9000,Gent,house,house,for-sale,81,42,,,True,10,2,1,C,,1977,GOOD,GAS,,,False,,NON_FLOOD_ZONE,251,PRIVATE,2026-06-12,2026-06-12
21605038,https://www.immoweb.be/en/classified/21605038,House for sale in Gent,429000,Noendries 71,9000,Gent,house,house,for-sale,132,130,,,,,3,1,C,281,,TO_BE_DONE_UP,GAS,1,,,False,NON_FLOOD_ZONE,,OC vastgoed,2026-06-12,2026-06-12
21604965,https://www.immoweb.be/en/classified/21604965,Mansion for sale in Gent,625000,Kunstlaan 7,9000,Gent,house,mansion,for-sale,208,53,,,True,8,5,2,C,289,1909,GOOD,GAS,,,False,,NON_FLOOD_ZONE,961,De Vastgoedadviseur,2026-06-12,2026-06-12
21604922,https://www.immoweb.be/en/classified/21604922,House for sale in GENTBRUGGE,559000,,9050,GENTBRUGGE,house,house,for-sale,190,300,,,True,,4,1,B,190,1938,JUST_RENOVATED,GAS,,,False,False,NON_FLOOD_ZONE,550,CENTURY 21 Partners Gent,2026-06-12,2026-06-12
21571976,https://www.immoweb.be/en/classified/21571976,House for sale in Gent,465000,Rooigemlaan 369,9000,Gent,house,house,for-sale,185,100,,,True,24,4,1,B,162,1930,AS_NEW,GAS,,,False,,NON_FLOOD_ZONE,739,PRIVATE,2026-06-12,2026-06-12
21604749,https://www.immoweb.be/en/classified/21604749,House for sale in Gent,310000,Nederzwijnaarde 21,9052,Gent,house,house,for-sale,148,125,True,30,True,8,2,1,C,,1958,GOOD,GAS,,,False,,POSSIBLE_FLOOD_ZONE,458,PRIVATE,2026-06-12,2026-06-12
21604740,https://www.immoweb.be/en/classified/21604740,House for sale in Gent,265000,Spijkstraat 9,9000,Gent,house,house,for-sale,86,46,,,,,3,1,F,,,TO_RENOVATE,GAS,,,False,,,327,PRIVATE,2026-06-12,2026-06-12
21604599,https://www.immoweb.be/en/classified/21604599,House for sale in Gent,275000,Liverpoolstraat 3,9000,Gent,house,house,for-sale,155,70,,,True,12,4,1,E,452,1930,TO_BE_DONE_UP,GAS,,,False,False,NON_FLOOD_ZONE,349,CASAVISTA VASTGOEDKANTOOR,2026-06-12,2026-06-12
21604582,https://www.immoweb.be/en/classified/21604582,House for sale in Gent,559000,Elsstraat 4,9000,Gent,house,house,for-sale,159,159,True,55,,,3,2,A,16,2025,AS_NEW,,,,,False,NON_FLOOD_ZONE,,Square Real Estate,2026-06-12,2026-06-12
21604551,https://www.immoweb.be/en/classified/21604551,Apartment_block for sale in Gent,799500,Engelbert Van Arenbergstraat 60,9000,Gent,house,apartment_block,for-sale,280,142,,,,,8,4,E,,1874,TO_BE_DONE_UP,GAS,,,False,,NON_FLOOD_ZONE,,Vandeven & Hellemans Vastgoed,2026-06-12,2026-06-12
21604525,https://www.immoweb.be/en/classified/21604525,House for sale in Gent,420000,Groendreef 179,9000,Gent,house,house,for-sale,167,80,,,True,,4,2,B,145,1899,JUST_RENOVATED,GAS,,,,,,502,Convas,2026-06-12,2026-06-12
21604517,https://www.immoweb.be/en/classified/21604517,House for sale in Gent,799500,Engelbert Van Arenbergstraat 60,9000,Gent,house,house,for-sale,280,142,,,,,8,4,E,,1874,TO_BE_DONE_UP,GAS,,,False,,NON_FLOOD_ZONE,,Vandeven & Hellemans Vastgoed,2026-06-12,2026-06-12
21604290,https://www.immoweb.be/en/classified/21604290,Villa for sale in Mariakerke,1125000,Aan de linde 5,9030,Mariakerke,house,villa,for-sale,311,925,,,True,,4,2,B,,2005,AS_NEW,GAS,2,,False,,NON_FLOOD_ZONE,2307,Flame Estate,2026-06-12,2026-06-12
21604248,https://www.immoweb.be/en/classified/21604248,House for sale in Gent,590000,Krommenelleboog 76,9000,Gent,house,house,for-sale,125,54,,,True,16,3,1,C,0,,AS_NEW,GAS,,,False,,NON_FLOOD_ZONE,277,PRIVATE,2026-06-12,2026-06-12
21604176,https://www.immoweb.be/en/classified/21604176,Mixed_use_building for sale in Gent,2250000,,9000,Gent,house,mixed_use_building,for-sale,624,5454,,,True,,7,4,C,,1996,GOOD,,,,True,False,NON_FLOOD_ZONE,4840,LE CLAIR,2026-06-12,2026-06-12
21604118,https://www.immoweb.be/en/classified/21604118,House for sale in Gent,359000,Kiekenstraat 65,9000,Gent,house,house,for-sale,141,118,,,True,,3,1,D,316,,TO_RENOVATE,,,,False,False,NON_FLOOD_ZONE,374,CENTURY 21 Partners Gent,2026-06-12,2026-06-12
21604051,https://www.immoweb.be/en/classified/21604051,House for sale in Gent,359000,Kiekenstraat 65,9000,Gent,house,house,for-sale,141,118,,,True,,3,1,D,316,,TO_RENOVATE,,,,False,False,NON_FLOOD_ZONE,374,CENTURY 21 Partners Gent,2026-06-12,2026-06-12
21603916,https://www.immoweb.be/en/classified/21603916,House for sale in Gent,399000,Sint-Lievenspoortstraat 256,9000,Gent,house,house,for-sale,116,51,,,True,3,4,1,C,213,,GOOD,GAS,,,,,NON_FLOOD_ZONE,339,Immo Francois Gent,2026-06-12,2026-06-12
21603858,https://www.immoweb.be/en/classified/21603858,Mansion for sale in Gent,595000,Kasteellaan 297,9000,Gent,house,mansion,for-sale,216,97,True,20,True,16,5,1,C,215,1886,GOOD,,,,False,,NON_FLOOD_ZONE,,I-MOOV,2026-06-12,2026-06-12
21603856,https://www.immoweb.be/en/classified/21603856,House for sale in Gent,485000,Voskenslaan 297,9000,Gent,house,house,for-sale,137,168,,,,,3,2,B,168,0,AS_NEW,,,,False,,,,I-MOOV,2026-06-12,2026-06-12
21603799,https://www.immoweb.be/en/classified/21603799,House_group for sale in Gent,,Heerweg-zuid 193,9000,Gent,house_group,house_group,for-sale,,,,,,,,,,,,,,,,,,,,LANDBERGH,2026-06-12,2026-06-12
21603785,https://www.immoweb.be/en/classified/21603785,House for sale in Gentbrugge,399000,Sint-Simonstraat 23,9050,Gentbrugge,house,house,for-sale,,70,True,25,True,25,2,1,B,133,,GOOD,GAS,,,,,POSSIBLE_FLOOD_ZONE,275,Cornelis Goeman Merelbeke,2026-06-12,2026-06-12
21603766,https://www.immoweb.be/en/classified/21603766,House for sale in Gent,524000,Heerweg-Zuid 193,9000,Gent,house,house,for-sale,192,0,True,75,True,17,4,0,,,2026,GOOD,,,,,False,NON_FLOOD_ZONE,,LANDBERGH,2026-06-12,2026-06-12
21603725,https://www.immoweb.be/en/classified/21603725,Apartment_block for sale in Gent,785000,Drietorekensstraat 12,9000,Gent,house,apartment_block,for-sale,326,134,,,,,10,6,B,104,,GOOD,GAS,,,,,NON_FLOOD_ZONE,1827,Carlo Eggermont,2026-06-12,2026-06-12
21603695,https://www.immoweb.be/en/classified/21603695,House_group for sale in Gent,,Korte kerkstraat 1,9000,Gent,house_group,house_group,for-sale,,,,,,,,,,,,,,,,,,,,Huysman Bouw NV,2026-06-12,2026-06-12
21602411,https://www.immoweb.be/en/classified/21602411,House for sale in GENT,495000,Papegaaistraat 60,9000,GENT,house,house,for-sale,258,124,True,35,,,4,1,F,685,1923,TO_RESTORE,FUELOIL,,,False,False,NON_FLOOD_ZONE,1028,de Fooz,2026-06-12,2026-06-12
21602296,https://www.immoweb.be/en/classified/21602296,House for sale in Gent,748000,Kunstlaan 4,9000,Gent,house,house,for-sale,176,84,,,True,,5,2,C,239,1901,GOOD,GAS,,,False,False,,,VICUS,2026-06-12,2026-06-12
21602291,https://www.immoweb.be/en/classified/21602291,Mansion for sale in Gent,890000,Coupure 383,9000,Gent,house,mansion,for-sale,258,156,True,38,,,12,0,D,325,0,GOOD,GAS,,,False,,NON_FLOOD_ZONE,981,Huysewinkel Gent BV,2026-06-12,2026-06-12
21602226,https://www.immoweb.be/en/classified/21602226,House for sale in Sint-Denijs-Westrem,569000,Tijgerlelielaan 10,9051,Sint-Denijs-Westrem,house,house,for-sale,206,235,,,,,4,2,A,69,1977,GOOD,,,,,,NON_FLOOD_ZONE,1020,Crevits,2026-06-12,2026-06-12
21602112,https://www.immoweb.be/en/classified/21602112,House for sale in Gent,285000,Harmoniestraat 1 A,9050,Gent,house,house,for-sale,80,35,,,,,0,1,C,231,1900,AS_NEW,,,,False,,NON_FLOOD_ZONE,498,Agence Rosseel,2026-06-12,2026-06-12
21602108,https://www.immoweb.be/en/classified/21602108,House for sale in Gent,475000,Bernheimlaan 29,9050,Gent,house,house,for-sale,156,154,,,,,4,1,C,234,,TO_BE_DONE_UP,GAS,,,False,,POSSIBLE_FLOOD_ZONE,,Landmeter – Vastgoed Reyné bv,2026-06-12,2026-06-12
21601276,https://www.immoweb.be/en/classified/21601276,House for sale in Gent,325000,Cyrille Van de Veegaetestraat 13,9052,Gent,house,house,for-sale,148,160,,,,,2,1,E,448,0,AS_NEW,GAS,,,False,,NON_FLOOD_ZONE,354,VDS Vastgoed,2026-06-12,2026-06-12
21601262,https://www.immoweb.be/en/classified/21601262,Mansion for sale in Gent,1075000,Antonius Triestlaan 6,9000,Gent,house,mansion,for-sale,424,0,True,90,,,6,2,C,,1930,TO_BE_DONE_UP,GAS,1,1,False,,,,ARCHITECTENWONING,2026-06-12,2026-06-12
21601219,https://www.immoweb.be/en/classified/21601219,Mixed_use_building for sale in Gent,749500,Einde Were 93,9000,Gent,house,mixed_use_building,for-sale,248,255,,,True,26,4,2,C,,1918,GOOD,,4,,False,False,NON_FLOOD_ZONE,1234,Immo Da Vinci,2026-06-12,2026-06-12
21601217,https://www.immoweb.be/en/classified/21601217,House for sale in Mariakerke,439750,Liniestraat -,9030,Mariakerke,house,house,for-sale,172,149,True,39,True,13,5,2,,,2022,AS_NEW,GAS,,,False,False,NON_FLOOD_ZONE,,Immo Da Vinci,2026-06-12,2026-06-12
21601100,https://www.immoweb.be/en/classified/21601100,House for sale in Gent,459000,Terneuzenlaan 2,9000,Gent,house,house,for-sale,145,145,,,True,,3,2,B,181,,AS_NEW,GAS,,,,False,NON_FLOOD_ZONE,,Waardevol Vastgoed,2026-06-12,2026-06-12
21600233,https://www.immoweb.be/en/classified/21600233,House for sale in Gent,345000,Schaverdijnstraat 65,9000,Gent,house,house,for-sale,138,74,True,17,,,4,1,C,242,1933,GOOD,GAS,,,False,,NON_FLOOD_ZONE,354,I-MOOV,2026-06-12,2026-06-12
21600170,https://www.immoweb.be/en/classified/21600170,Mansion for sale in Gent,1155000,Koning Albertlaan 75,9000,Gent,house,mansion,for-sale,418,202,True,67,,,5,2,D,318,1919,TO_RENOVATE,,2,1,,,NON_FLOOD_ZONE,2605,Carlo Eggermont,2026-06-12,2026-06-12
21599994,https://www.immoweb.be/en/classified/21599994,House for sale in Gent,270000,SASSEKAAI 13,9000,Gent,house,house,for-sale,102,70,,,,,2,,F,507,,,,,,,,,,Karel Immo,2026-06-12,2026-06-12
21599634,https://www.immoweb.be/en/classified/21599634,House for sale in Sint-Denijs-Westrem,615000,Lodewijk De Raetstraat 3,9051,Sint-Denijs-Westrem,house,house,for-sale,179,727,,,,,4,1,C,297,1971,,,1,,,,NON_FLOOD_ZONE,1509,Carlo Eggermont,2026-06-12,2026-06-12
21599567,https://www.immoweb.be/en/classified/21599567,Mixed_use_building for sale in Gent,2150000,Hoogpoort 30,9000,Gent,house,mixed_use_building,for-sale,,167,,,True,1,0,,B,179,,GOOD,GAS,,,False,,NON_FLOOD_ZONE,3600,Vendimus,2026-06-12,2026-06-12
21599234,https://www.immoweb.be/en/classified/21599234,House for sale in Sint-Denijs-Westrem,425000,Pieter Pauwel Rubenslaan 1,9051,Sint-Denijs-Westrem,house,house,for-sale,196,589,True,250,True,15,4,1,E,496,1959,TO_RENOVATE,FUELOIL,2,,False,,NON_FLOOD_ZONE,1841,IRRES,2026-06-12,2026-06-12
21598823,https://www.immoweb.be/en/classified/21598823,House for sale in Zwijnaarde,405000,Maaltemeers 6,9052,Zwijnaarde,house,house,for-sale,163,238,,,,,3,,E,407,1976,TO_BE_DONE_UP,,,,,,POSSIBLE_FLOOD_ZONE,944,Van Hoof - Wibo Geassocieerde notarissen,2026-06-12,2026-06-12
21598563,https://www.immoweb.be/en/classified/21598563,House for sale in Wondelgem,306000,Schouwingstraat 37,9032,Wondelgem,house,house,for-sale,,130,,,,,2,1,C,295,1934,GOOD,,,,,,NON_FLOOD_ZONE,307,oko vastgoed,2026-06-12,2026-06-12
21598341,https://www.immoweb.be/en/classified/21598341,House for sale in Gand,395000,Gangmakersstraat 10,9000,Gand,house,house,for-sale,86,28,,,,,2,,B,136,,AS_NEW,GAS,,,False,,NON_FLOOD_ZONE,436,PRIVATE,2026-06-12,2026-06-12
21598226,https://www.immoweb.be/en/classified/21598226,House for sale in Gent Sint-Amandsberg,525000,Dendermondsesteenweg 422,9040,Gent Sint-Amandsberg,house,house,for-sale,264,224,,,True,,4,1,D,328,1931,GOOD,GAS,1,,False,,NON_FLOOD_ZONE,1316,Immo Point DCS,2026-06-12,2026-06-12
21597815,https://www.immoweb.be/en/classified/21597815,House for sale in Drongen,1100000,Mariakerksesteenweg 114,9031,Drongen,house,house,for-sale,292,690,,,True,42,3,2,A,44,2019,AS_NEW,,2,3,False,,NON_FLOOD_ZONE,1567,IRRES,2026-06-12,2026-06-12
21597792,https://www.immoweb.be/en/classified/21597792,House for sale in Gentbrugge,430000,Oscar de Gruyterstraat 37,9050,Gentbrugge,house,house,for-sale,172,235,True,140,True,,4,1,C,261,1955,GOOD,GAS,1,,False,False,,830,Immo Da Vinci,2026-06-12,2026-06-12
21597544,https://www.immoweb.be/en/classified/21597544,House for sale in DRONGEN,735972,Halewijnstationstraat 33,9031,DRONGEN,house,house,for-sale,,1389,,,True,,3,2,A+,,2027,GOOD,,,,False,False,NON_FLOOD_ZONE,,Infinimo,2026-06-12,2026-06-12
21597542,https://www.immoweb.be/en/classified/21597542,House for sale in DRONGEN,664328,Halewijnstationstraat 33,9031,DRONGEN,house,house,for-sale,,643,,,True,,3,2,A+,,2027,GOOD,,,3,False,False,NON_FLOOD_ZONE,,Infinimo,2026-06-12,2026-06-12
21597539,https://www.immoweb.be/en/classified/21597539,House for sale in DRONGEN,672900,Halewijnstationstraat 33,9031,DRONGEN,house,house,for-sale,,959,,,True,,3,2,A+,,2027,GOOD,,,3,False,False,NON_FLOOD_ZONE,,Infinimo,2026-06-12,2026-06-12
21597482,https://www.immoweb.be/en/classified/21597482,House for sale in Gent,799000,Atletiekplein 6c,9000,Gent,house,house,for-sale,240,480,,,True,25,3,1,B,159,1993,AS_NEW,GAS,1,1,False,,NON_FLOOD_ZONE,1167,PRIVATE,2026-06-12,2026-06-12
21597430,https://www.immoweb.be/en/classified/21597430,Town_house for sale in SINT-AMANDSBERG,339000,karel van renterghemstraat 14,9040,SINT-AMANDSBERG,house,town_house,for-sale,153,157,,,True,4,2,1,E,448,1965,TO_BE_DONE_UP,GAS,1,,False,False,,1177,CANNOODT,2026-06-12,2026-06-12
21597411,https://www.immoweb.be/en/classified/21597411,House for sale in Gent Zwijnaarde,478000,Heerweg-Noord 35,9052,Gent Zwijnaarde,house,house,for-sale,131,120,True,10,True,10,3,1,A,90,1934,JUST_RENOVATED,,,,False,False,NON_FLOOD_ZONE,,Immo Da Vinci,2026-06-12,2026-06-12
21597221,https://www.immoweb.be/en/classified/21597221,Apartment_block for sale in OOSTAKKER,360000,Domien Geersstraat 54;54A,9041,OOSTAKKER,house,apartment_block,for-sale,169,394,,,True,,4,2,E,461,1967,TO_RENOVATE,FUELOIL,1,,False,False,NON_FLOOD_ZONE,778,Immo Zone Heusden,2026-06-12,2026-06-12
21597220,https://www.immoweb.be/en/classified/21597220,House for sale in OOSTAKKER,360000,Domien Geersstraat 54;54A,9041,OOSTAKKER,house,house,for-sale,169,394,,,True,,4,2,E,461,1967,TO_RENOVATE,FUELOIL,1,,False,False,NON_FLOOD_ZONE,778,Immo Zone Heusden,2026-06-12,2026-06-12
21596967,https://www.immoweb.be/en/classified/21596967,House for sale in Gent,655000,Albrecht Rodenbachstraat 49,9040,Gent,house,house,for-sale,264,1175,,,,,5,1,E,437,1952,TO_BE_DONE_UP,GAS,1,1,False,,NON_FLOOD_ZONE,1494,VDS Vastgoed,2026-06-12,2026-06-12
21596916,https://www.immoweb.be/en/classified/21596916,House for sale in Gent,320000,Rooigemlaan 25,9000,Gent,house,house,for-sale,161,198,,,,,4,1,D,367,1900,TO_BE_DONE_UP,GAS,,,,False,NON_FLOOD_ZONE,,Vastgoed De Zutter,2026-06-12,2026-06-12
21596526,https://www.immoweb.be/en/classified/21596526,House for sale in Gent,398000,Langestraat 119,9050,Gent,house,house,for-sale,269,132,,,,,5,2,B,179,1963,,GAS,,,False,False,NON_FLOOD_ZONE,1039,Casteels Vastgoed,2026-06-12,2026-06-12
21596470,https://www.immoweb.be/en/classified/21596470,House for sale in Gent,349000,Jean Béthunestraat 90,9040,Gent,house,house,for-sale,102,43,True,8,,,2,1,A,53,2025,JUST_RENOVATED,,,,False,,NON_FLOOD_ZONE,185,De Vastgoedadviseur,2026-06-12,2026-06-12
21596431,https://www.immoweb.be/en/classified/21596431,Apartment_block for sale in Gent,660000,Jan Sonnevillestraat 93-95-97,9052,Gent,house,apartment_block,for-sale,165,65,,,True,,3,3,C,214,2000,GOOD,ELECTRIC,,,False,False,,,TREVI Gent,2026-06-12,2026-06-12
21595616,https://www.immoweb.be/en/classified/21595616,House for sale in Gent,399000,Bredestraat 69,9000,Gent,house,house,for-sale,160,690,True,415,True,35,3,1,C,253,1997,GOOD,GAS,1,2,,False,NON_FLOOD_ZONE,649,Cornelis Goeman Merelbeke,2026-06-12,2026-06-12
21595211,https://www.immoweb.be/en/classified/21595211,House for sale in SINT-AMANDSBERG,335000,Frans Uyttenhovestraat 76,9040,SINT-AMANDSBERG,house,house,for-sale,,94,,,True,40,3,1,E,409,1961,TO_BE_DONE_UP,GAS,,,False,False,NON_FLOOD_ZONE,520,CENTURY 21 Woonkantoor,2026-06-12,2026-06-12
21594715,https://www.immoweb.be/en/classified/21594715,House for sale in Gent,,Mazestraat 36,9030,Gent,house,house,for-sale,245,785,True,690,,,4,1,,,1958,TO_RENOVATE,FUELOIL,,,False,,NON_FLOOD_ZONE,1090,Leefrente,2026-06-12,2026-06-12
21594658,https://www.immoweb.be/en/classified/21594658,House for sale in GENTBRUGGE,349000,jan dhondtstraat 40,9050,GENTBRUGGE,house,house,for-sale,134,0,,,,,3,,E,471,,,GAS,,,False,False,,,CANNOODT,2026-06-12,2026-06-12
21594657,https://www.immoweb.be/en/classified/21594657,House for sale in GENT,220000,frans rensstraat 6,9000,GENT,house,house,for-sale,,21,,,,,1,,C,275,1930,GOOD,,,,False,False,,,CANNOODT,2026-06-12,2026-06-12
21594483,https://www.immoweb.be/en/classified/21594483,House for sale in Gent,470000,Kartuizerlaan 133,9000,Gent,house,house,for-sale,134,81,,,,,3,1,B,177,,GOOD,GAS,,,,,NON_FLOOD_ZONE,691,Carlo Eggermont,2026-06-12,2026-06-12
21594356,https://www.immoweb.be/en/classified/21594356,House for sale in Gent,539000,Neerscheldestraat 41,9050,Gent,house,house,for-sale,150,130,True,40,True,16,3,1,B,112,1903,JUST_RENOVATED,GAS,,,False,,NON_FLOOD_ZONE,,PRIVATE,2026-06-12,2026-06-12
21594261,https://www.immoweb.be/en/classified/21594261,Villa for sale in Wondelgem,559000,Langeveld 74,9032,Wondelgem,house,villa,for-sale,137,429,True,325,True,,2,1,B,196,2011,GOOD,GAS,1,1,,False,NON_FLOOD_ZONE,1299,TOP Vastgoed,2026-06-12,2026-06-12
21594181,https://www.immoweb.be/en/classified/21594181,House for sale in Ledeberg,299000,Petrus de Meyerestraat 31,9050,Ledeberg,house,house,for-sale,114,0,,,,,3,1,C,248,,TO_BE_DONE_UP,GAS,,,,False,,394,TOP Vastgoed,2026-06-12,2026-06-12
21593981,https://www.immoweb.be/en/classified/21593981,Apartment_block for sale in Gent,775000,Zinniastraat 5,9000,Gent,house,apartment_block,for-sale,362,255,,,,,3,2,B,181,,GOOD,GAS,1,,,,NON_FLOOD_ZONE,1417,Carlo Eggermont,2026-06-12,2026-06-12
21593860,https://www.immoweb.be/en/classified/21593860,House for sale in Gent,500000,Bruilofstraat 42,9050,Gent,house,house,for-sale,149,114,True,30,True,8,3,2,,,0,GOOD,,,,False,,NON_FLOOD_ZONE,,Agence Rosseel,2026-06-12,2026-06-12
21593859,https://www.immoweb.be/en/classified/21593859,House for sale in Gent,500000,Bruilofstraat 42,9050,Gent,house,house,for-sale,149,100,True,15,True,8,3,1,,,0,GOOD,,,,False,,NON_FLOOD_ZONE,,Agence Rosseel,2026-06-12,2026-06-12
21593858,https://www.immoweb.be/en/classified/21593858,House for sale in Gent,518000,Bruilofstraat 42,9050,Gent,house,house,for-sale,137,189,,,True,16,3,1,,,0,GOOD,,,,False,,NON_FLOOD_ZONE,,Agence Rosseel,2026-06-12,2026-06-12
21593856,https://www.immoweb.be/en/classified/21593856,House for sale in Gent,556000,Bruilofstraat 42,9050,Gent,house,house,for-sale,161,152,,,True,15,3,1,,,0,GOOD,,,,False,,NON_FLOOD_ZONE,,Agence Rosseel,2026-06-12,2026-06-12
21593766,https://www.immoweb.be/en/classified/21593766,House for sale in Gent Gentbrugge,540000,Robert Rinskopflaan 72,9050,Gent Gentbrugge,house,house,for-sale,164,84,,,True,18,3,1,A,93,1953,AS_NEW,,,,False,False,NON_FLOOD_ZONE,614,Immo Da Vinci,2026-06-12,2026-06-12
21593125,https://www.immoweb.be/en/classified/21593125,House for sale in Gent,595000,Langerbruggekaai 1A,9000,Gent,house,house,for-sale,278,1365,True,1191,True,,3,3,E,486,,TO_BE_DONE_UP,FUELOIL,,,False,False,,594,TOP Vastgoed,2026-06-12,2026-06-12
21592608,https://www.immoweb.be/en/classified/21592608,House for sale in Gent,349000,Friedrich Froebelstraat 1A,9050,Gent,house,house,for-sale,150,50,,,,,3,1,E,419,1900,GOOD,ELECTRIC,1,1,False,False,NON_FLOOD_ZONE,770,CASAVISTA VASTGOEDKANTOOR,2026-06-12,2026-06-12
21592418,https://www.immoweb.be/en/classified/21592418,House for sale in Gent,425000,Haardstedestraat 46,9000,Gent,house,house,for-sale,232,302,True,201,True,2,3,1,E,453,1958,GOOD,GAS,1,,False,,,,I-MOOV,2026-06-12,2026-06-12
21592397,https://www.immoweb.be/en/classified/21592397,House for sale in Zwijnaarde,958000,Hutsepotstraat 150,9052,Zwijnaarde,house,house,for-sale,481,566,,,True,,4,1,,,2004,AS_NEW,GAS,2,3,True,,NON_FLOOD_ZONE,2317,Huysewinkel Latem,2026-06-12,2026-06-12
21592160,https://www.immoweb.be/en/classified/21592160,House for sale in Gent,279000,Oosteeklostraat 33,9000,Gent,house,house,for-sale,80,0,,,True,4,1,1,D,,1900,AS_NEW,GAS,,,False,,NON_FLOOD_ZONE,,PRIVATE,2026-06-12,2026-06-12
21592122,https://www.immoweb.be/en/classified/21592122,Mixed_use_building for sale in ZWIJNAARDE,540000,Heerweg-Noord 152,9052,ZWIJNAARDE,house,mixed_use_building,for-sale,546,257,,,,,2,1,F,584,1970,,GAS,1,,False,False,NON_FLOOD_ZONE,2528,Infinimo,2026-06-12,2026-06-12
21592029,https://www.immoweb.be/en/classified/21592029,House for sale in DRONGEN,598000,Hazestropdreef 8,9031,DRONGEN,house,house,for-sale,252,385,,,True,,4,2,A,75,1971,AS_NEW,GAS,1,3,False,False,NON_FLOOD_ZONE,909,Infinimo,2026-06-12,2026-06-12
21591587,https://www.immoweb.be/en/classified/21591587,House for sale in Gent,250000,Gasmeterlaan 101,9000,Gent,house,house,for-sale,232,99,,,,,6,,F,732,1900,TO_RENOVATE,,,,,,,607,"Blindeman, notarisvennootschap",2026-06-12,2026-06-12
21591479,https://www.immoweb.be/en/classified/21591479,House for sale in Zwijnaarde,225000,Zandvoordestraat 82,9052,Zwijnaarde,house,house,for-sale,,291,,,,,3,1,E,470,1955,TO_RENOVATE,GAS,,,,,,508,Notaris Fabienne FEVERY,2026-06-12,2026-06-12
21591194,https://www.immoweb.be/en/classified/21591194,House for sale in Gent,395000,Francisco Ferrerlaan 105,9000,Gent,house,house,for-sale,156,214,True,1,True,28,2,1,F,685,,GOOD,FUELOIL,,,False,,NON_FLOOD_ZONE,728,Vandersmissen Vastgoed,2026-06-12,2026-06-12
21590818,https://www.immoweb.be/en/classified/21590818,House for sale in Gent,385000,De Pintelaan 40,9000,Gent,house,house,for-sale,93,75,,,True,14,3,1,D,355,1964,GOOD,GAS,,,False,,NON_FLOOD_ZONE,,PRIVATE,2026-06-12,2026-06-12
21590613,https://www.immoweb.be/en/classified/21590613,House for sale in Gent,379000,Frank Baurstraat 7,9000,Gent,house,house,for-sale,132,140,True,40,True,8,2,1,C,241,1950,JUST_RENOVATED,GAS,1,,,,POSSIBLE_FLOOD_ZONE,485,Cornelis Goeman Merelbeke,2026-06-12,2026-06-12
21590573,https://www.immoweb.be/en/classified/21590573,House_group for sale in Drongen,,Mariakerksesteenweg 102,9031,Drongen,house_group,house_group,for-sale,,,,,,,,,,,,,,1,,,,NON_FLOOD_ZONE,,Immo Da Vinci,2026-06-12,2026-06-12
21590510,https://www.immoweb.be/en/classified/21590510,House for sale in Wondelgem,382000,Sparappellaan 10,9032,Wondelgem,house,house,for-sale,,272,,,,,3,,F,663,1964,,FUELOIL,,,False,,NON_FLOOD_ZONE,,PRIVATE,2026-06-12,2026-06-12
21590465,https://www.immoweb.be/en/classified/21590465,House for sale in Gent,385000,Pieter Huyssensplein 2,9000,Gent,house,house,for-sale,109,106,,,True,30,3,1,C,217,1923,GOOD,GAS,,,False,,NON_FLOOD_ZONE,352,PRIVATE,2026-06-12,2026-06-12
21590413,https://www.immoweb.be/en/classified/21590413,House for sale in Gent,359000,Karel Van Renterghemstraat 28,9040,Gent,house,house,for-sale,154,131,True,25,True,16,4,1,E,411,1963,,GAS,,,False,,NON_FLOOD_ZONE,,PRIVATE,2026-06-12,2026-06-12
21590384,https://www.immoweb.be/en/classified/21590384,House for sale in Sint-Amandsberg,375000,Bromeliastraat 83,9040,Sint-Amandsberg,house,house,for-sale,148,292,,,True,,2,1,F,854,1954,TO_RENOVATE,ELECTRIC,1,,False,False,NON_FLOOD_ZONE,622,Dewaele-woonvastgoed Gent,2026-06-12,2026-06-12
21590215,https://www.immoweb.be/en/classified/21590215,Mansion for sale in Gent,895000,Sint-Pietersaalststraat 155,9000,Gent,house,mansion,for-sale,387,242,True,100,,,9,2,F,572,,TO_RENOVATE,,2,,,,NON_FLOOD_ZONE,,Carlo Eggermont,2026-06-12,2026-06-12
21590198,https://www.immoweb.be/en/classified/21590198,House for sale in Gent,715000,Brusselsesteenweg 727,9050,Gent,house,house,for-sale,212,464,,,True,22,3,0,C,,1951,GOOD,GAS,,,False,,NON_FLOOD_ZONE,907,Flame Estate,2026-06-12,2026-06-12
21590036,https://www.immoweb.be/en/classified/21590036,House for sale in OOSTAKKER,355000,Domien Geersstraat 7,9041,OOSTAKKER,house,house,for-sale,130,194,True,65,,,3,1,F,611,1957,TO_BE_DONE_UP,GAS,1,,False,False,NON_FLOOD_ZONE,,Pattymo,2026-06-12,2026-06-12
21589357,https://www.immoweb.be/en/classified/21589357,House for sale in Mariakerke,545000,Hogekouterstraat 39,9030,Mariakerke,house,house,for-sale,234,198,,,True,,5,2,A,88,1966,GOOD,GAS,,1,False,,NON_FLOOD_ZONE,1298,Makelaarshuys,2026-06-12,2026-06-12
21589289,https://www.immoweb.be/en/classified/21589289,House for sale in Gent,469000,Muilaardstraat 73,9000,Gent,house,house,for-sale,153,122,True,30,True,12,3,1,B,131,2009,AS_NEW,GAS,,,False,,NON_FLOOD_ZONE,833,PRIVATE,2026-06-12,2026-06-12
21589243,https://www.immoweb.be/en/classified/21589243,House for sale in Gent,615000,Mariakerksesteenweg 102,9031,Gent,house,house,for-sale,195,444,,,True,,4,2,,,2026,AS_NEW,,1,,False,False,NON_FLOOD_ZONE,,Immo Da Vinci,2026-06-12,2026-06-12
21589241,https://www.immoweb.be/en/classified/21589241,House for sale in Drongen,610000,Mariakerksesteenweg 102,9031,Drongen,house,house,for-sale,191,371,,,True,,3,2,,,2026,AS_NEW,,1,,False,False,NON_FLOOD_ZONE,,Immo Da Vinci,2026-06-12,2026-06-12
21589245,https://www.immoweb.be/en/classified/21589245,House for sale in Drongen,610000,Mariakerksesteenweg 102,9031,Drongen,house,house,for-sale,187,396,,,True,,3,2,,,2026,AS_NEW,,1,,False,False,NON_FLOOD_ZONE,,Immo Da Vinci,2026-06-12,2026-06-12
21589237,https://www.immoweb.be/en/classified/21589237,House for sale in Drongen,615000,Mariakerksesteenweg 102,9031,Drongen,house,house,for-sale,198,416,,,True,,4,2,,,2026,AS_NEW,,1,,False,False,NON_FLOOD_ZONE,,Immo Da Vinci,2026-06-12,2026-06-12
21589225,https://www.immoweb.be/en/classified/21589225,House for sale in Drongen,405000,Beekstraat 173,9031,Drongen,house,house,for-sale,152,596,,,True,,3,1,F,871,1965,TO_BE_DONE_UP,FUELOIL,1,,,False,NON_FLOOD_ZONE,,Waardevol Vastgoed,2026-06-12,2026-06-12
21589197,https://www.immoweb.be/en/classified/21589197,House for sale in Gent Wondelgem,339000,Schouwingstraat 23,9032,Gent Wondelgem,house,house,for-sale,129,150,,,True,,3,1,B,198,1935,GOOD,GAS,,,,,NON_FLOOD_ZONE,361,TOP Vastgoed,2026-06-12,2026-06-12
21589161,https://www.immoweb.be/en/classified/21589161,Mansion for sale in Gent,1475000,Gebroeders Vandeveldestraat 101,9000,Gent,house,mansion,for-sale,319,140,True,60,True,37,5,2,C,204,1911,GOOD,GAS,1,,False,False,NON_FLOOD_ZONE,,Immo Da Vinci,2026-06-12,2026-06-12
21589065,https://www.immoweb.be/en/classified/21589065,House for sale in Gent,395000,Haardstedestraat 89,9000,Gent,house,house,for-sale,121,77,,,True,,3,0,C,220,,GOOD,GAS,,,,,NON_FLOOD_ZONE,488,Arcade Vastgoed,2026-06-12,2026-06-12
21588884,https://www.immoweb.be/en/classified/21588884,House for sale in Gent,315000,Appelstraat 35,9000,Gent,house,house,for-sale,135,139,True,60,True,20,2,1,D,376,,GOOD,GAS,,,False,,NON_FLOOD_ZONE,334,PRIVATE,2026-06-12,2026-06-12
21588767,https://www.immoweb.be/en/classified/21588767,House for sale in Gent,475000,Wellingstraat 60,9000,Gent,house,house,for-sale,84,64,,,True,,2,1,A,75,,GOOD,,,,,,NON_FLOOD_ZONE,210,Cosy Home,2026-06-12,2026-06-12
21588757,https://www.immoweb.be/en/classified/21588757,Mansion for sale in Gent,895000,Kortrijksesteenweg 245,9000,Gent,house,mansion,for-sale,272,124,,,True,,5,1,C,203,,,GAS,,,False,,NON_FLOOD_ZONE,986,Agence Rosseel,2026-06-12,2026-06-12
21588388,https://www.immoweb.be/en/classified/21588388,House for sale in Gent,625000,Lostraat 19,9000,Gent,house,house,for-sale,301,77,,,True,,4,1,E,480,1960,TO_RENOVATE,FUELOIL,2,,False,,NON_FLOOD_ZONE,984,I-MOOV,2026-06-12,2026-06-12
21588297,https://www.immoweb.be/en/classified/21588297,Villa for sale in Drongen,1500000,Ernest Solvynsdreef 55,9031,Drongen,house,villa,for-sale,290,2458,,,,,3,1,A,85,2016,AS_NEW,GAS,,2,,,NON_FLOOD_ZONE,1840,Carlo Eggermont,2026-06-12,2026-06-12
21421469,https://www.immoweb.be/en/classified/21421469,House for sale in Drongen,595000,Wegelstuk 21,9031,Drongen,house,house,for-sale,146,237,,,,,3,1,A,24,2022,GOOD,,,1,,False,NON_FLOOD_ZONE,753,Groep Caenen Oostende,2026-06-12,2026-06-12
21588106,https://www.immoweb.be/en/classified/21588106,House for sale in Sint-Denijs-Westrem,395000,Steppestede 21,9051,Sint-Denijs-Westrem,house,house,for-sale,,575,,,True,,3,1,C,238,1975,TO_BE_DONE_UP,FUELOIL,1,1,,,NON_FLOOD_ZONE,1499,NOTARIS PHILIPPE KLUYSKENS,2026-06-12,2026-06-12
21587884,https://www.immoweb.be/en/classified/21587884,House for sale in Gent,295000,Limbastraat 14,9000,Gent,house,house,for-sale,97,63,True,22,,,2,1,B,192,,GOOD,GAS,,,,,NON_FLOOD_ZONE,,Immo Francois Gent,2026-06-12,2026-06-12
21587821,https://www.immoweb.be/en/classified/21587821,House for sale in Wondelgem,460500,Coomansheide 11,9032,Wondelgem,house,house,for-sale,144,203,True,130,True,18,3,1,A,,2023,GOOD,,,,,True,,,Durabrik,2026-06-12,2026-06-12
21587664,https://www.immoweb.be/en/classified/21587664,House for sale in GENT,345000,Geraard Mercatorstraat 30,9000,GENT,house,house,for-sale,,0,,,,,3,,D,398,1914,TO_BE_DONE_UP,GAS,,,False,False,NON_FLOOD_ZONE,510,IMMO-EDEN,2026-06-12,2026-06-12
21587617,https://www.immoweb.be/en/classified/21587617,House for sale in GENT,225000,Godshuishammeke 9,9000,GENT,house,house,for-sale,163,52,,,,,5,1,D,385,1850,TO_RENOVATE,GAS,,,False,False,NON_FLOOD_ZONE,406,CENTURY 21 Vast Goed Oudenaarde,2026-06-12,2026-06-12
21587357,https://www.immoweb.be/en/classified/21587357,Villa for sale in Drongen,,Mariakerksesteenweg 207,9031,Drongen,house,villa,for-sale,322,1907,,,True,,4,2,A,55,2012,,GAS,2,5,,False,NON_FLOOD_ZONE,,Vastgoed Spruyt,2026-06-12,2026-06-12
21587158,https://www.immoweb.be/en/classified/21587158,House for sale in Gent,469000,Klimoplaan 14,9032,Gent,house,house,for-sale,140,224,True,80,,,3,1,B,121,1966,AS_NEW,GAS,,,False,,NON_FLOOD_ZONE,,PRIVATE,2026-06-12,2026-06-12
21586988,https://www.immoweb.be/en/classified/21586988,House for sale in Gent,189000,Hortensiastraat 79,9000,Gent,house,house,for-sale,,77,,,,,2,1,C,288,,,GAS,,,,,,307,"Caudron, Herzeel & Breckpot, geassocieerde not.",2026-06-12,2026-06-12
21586788,https://www.immoweb.be/en/classified/21586788,House for sale in Gent,275000,Liverpoolstraat 3,9000,Gent,house,house,for-sale,155,70,,,True,12,4,1,E,452,1930,TO_BE_DONE_UP,GAS,,,False,False,NON_FLOOD_ZONE,349,CASAVISTA VASTGOEDKANTOOR,2026-06-12,2026-06-12
21586768,https://www.immoweb.be/en/classified/21586768,House for sale in Gent,975000,Karel De Bondtlaan 25,9031,Gent,house,house,for-sale,217,1614,,,True,,1,1,E,497,1955,TO_RENOVATE,FUELOIL,1,,False,,RECOGNIZED_FLOOD_ZONE,,Agence Demanet,2026-06-12,2026-06-12
21586359,https://www.immoweb.be/en/classified/21586359,House for sale in Gent,345000,Engelbert Van Arenbergstraat 96,9000,Gent,house,house,for-sale,90,86,True,45,,,2,1,C,247,,GOOD,GAS,,,False,,NON_FLOOD_ZONE,371,Libeer Vastgoed,2026-06-12,2026-06-12
21585745,https://www.immoweb.be/en/classified/21585745,House for sale in Sint-Amandsberg,1375000,Nijverheidskaai 18,9040,Sint-Amandsberg,house,house,for-sale,363,925,,,True,,4,2,D,379,1900,TO_BE_DONE_UP,GAS,,,,,NON_FLOOD_ZONE,,Carlo Eggermont,2026-06-12,2026-06-12
21585704,https://www.immoweb.be/en/classified/21585704,House for sale in Mariakerke,599999,Driesdreef 22,9030,Mariakerke,house,house,for-sale,277,780,,,True,,4,2,E,421,1978,TO_RENOVATE,ELECTRIC,1,,,,NON_FLOOD_ZONE,2012,Carlo Eggermont,2026-06-12,2026-06-12
21585511,https://www.immoweb.be/en/classified/21585511,House for sale in Mariakerke,269000,Gérard Willemotlaan 26,9030,Mariakerke,house,house,for-sale,153,140,,,,,4,1,F,605,1918,,GAS,,,False,False,NON_FLOOD_ZONE,324,Casteels Vastgoed,2026-06-12,2026-06-12
21585322,https://www.immoweb.be/en/classified/21585322,House for sale in Gent,365000,Melkerijstraat 20,9000,Gent,house,house,for-sale,124,90,True,33,,,3,1,B,197,1918,GOOD,GAS,,,False,False,NON_FLOOD_ZONE,282,Smart Houses BVBA,2026-06-12,2026-06-12
21585309,https://www.immoweb.be/en/classified/21585309,Mansion for sale in Gent,1065000,Vrijheidslaan 9,9000,Gent,house,mansion,for-sale,449,367,,,True,,8,1,E,437,1931,TO_RENOVATE,FUELOIL,,,,,NON_FLOOD_ZONE,1152,Carlo Eggermont,2026-06-12,2026-06-12
21585300,https://www.immoweb.be/en/classified/21585300,Villa for sale in Gent,1595000,Voskenslaan 224,9000,Gent,house,villa,for-sale,468,1354,,,True,,8,2,E,452,1936,TO_RENOVATE,,2,,,,NON_FLOOD_ZONE,3021,Carlo Eggermont,2026-06-12,2026-06-12
21585294,https://www.immoweb.be/en/classified/21585294,House for sale in Gent,565000,Abrikoosstraat 38,9000,Gent,house,house,for-sale,158,104,True,40,,,4,1,B,155,2006,GOOD,GAS,,,,False,NON_FLOOD_ZONE,800,Carlo Eggermont,2026-06-12,2026-06-12
21585248,https://www.immoweb.be/en/classified/21585248,House for sale in Gent,1065000,Vrijheidslaan 9,9000,Gent,house,house,for-sale,449,367,,,True,,8,1,E,437,1931,TO_RENOVATE,FUELOIL,,,,,NON_FLOOD_ZONE,1152,Carlo Eggermont,2026-06-12,2026-06-12
21585237,https://www.immoweb.be/en/classified/21585237,Apartment_block for sale in Gent,1890000,Bargiekaai 7/8,9000,Gent,house,apartment_block,for-sale,375,0,,,,,18,4,C,278,,GOOD,,,2,,True,,,Carlo Eggermont,2026-06-12,2026-06-12
21585221,https://www.immoweb.be/en/classified/21585221,House for sale in Gent,1550000,Bagattenstraat 41,9000,Gent,house,house,for-sale,312,94,,,True,55,3,2,A,49,2019,AS_NEW,,,,True,,NON_FLOOD_ZONE,1816,Carlo Eggermont,2026-06-12,2026-06-12
21585215,https://www.immoweb.be/en/classified/21585215,House for sale in Sint-Kruis-Winkel,419000,Winkelwarande 20,9042,Sint-Kruis-Winkel,house,house,for-sale,164,1050,,,True,,3,1,F,733,1987,TO_BE_DONE_UP,,2,,,False,,1110,Concept-Home,2026-06-12,2026-06-12
21584744,https://www.immoweb.be/en/classified/21584744,House for sale in Gent,390000,Hazelaarstraat 25,9000,Gent,house,house,for-sale,127,92,,,True,,2,1,A,97,1900,AS_NEW,GAS,,,False,,NON_FLOOD_ZONE,561,Vastgoed  Coorevits,2026-06-12,2026-06-12
21584463,https://www.immoweb.be/en/classified/21584463,House for sale in Oostakker,399000,Bredestraat 69,9041,Oostakker,house,house,for-sale,160,690,True,415,True,35,3,1,C,253,1997,GOOD,GAS,1,2,,False,NON_FLOOD_ZONE,649,Cornelis Goeman Merelbeke,2026-06-12,2026-06-12
21584350,https://www.immoweb.be/en/classified/21584350,House for sale in Gent,315000,Achterleie 13,9000,Gent,house,house,for-sale,128,0,,,,,4,1,D,400,,,,,,False,,NON_FLOOD_ZONE,,Makelaarshuys,2026-06-12,2026-06-12
21583812,https://www.immoweb.be/en/classified/21583812,House for sale in Gent,535000,Francisco Ferrerlaan 31,9000,Gent,house,house,for-sale,153,65,,,True,,4,2,A,93,1930,AS_NEW,GAS,2,,False,,,381,I-MOOV,2026-06-12,2026-06-12
21583800,https://www.immoweb.be/en/classified/21583800,House for sale in Gent,319000,Haverstraat 29,9000,Gent,house,house,for-sale,123,69,,,,,4,1,D,346,1875,GOOD,,,,,,NON_FLOOD_ZONE,242,Convas,2026-06-12,2026-06-12
21583556,https://www.immoweb.be/en/classified/21583556,House for sale in Gent,599000,Wondelgemstraat 94,9000,Gent,house,house,for-sale,293,159,,,,,3,1,C,290,1900,TO_BE_DONE_UP,,,,,,NON_FLOOD_ZONE,1794,Convas,2026-06-12,2026-06-12
21583533,https://www.immoweb.be/en/classified/21583533,Villa for sale in OOSTAKKER,429000,Wolfputstraat 23,9041,OOSTAKKER,house,villa,for-sale,118,624,,,True,40,2,1,D,306,1960,AS_NEW,GAS,2,3,False,False,,718,CANNOODT,2026-06-12,2026-06-12
21583528,https://www.immoweb.be/en/classified/21583528,House for sale in Sint-Amandsberg,415000,Scheldestraat 103,9040,Sint-Amandsberg,house,house,for-sale,163,111,,,True,,3,1,D,395,1918,GOOD,GAS,,,False,False,NON_FLOOD_ZONE,705,Vastgoed De Vos Evergem,2026-06-12,2026-06-12
21583480,https://www.immoweb.be/en/classified/21583480,House for sale in Gent Sint-Denijs-Westrem,579945,Jean-Baptiste de Ghellincklaan 49,9051,Gent Sint-Denijs-Westrem,house,house,for-sale,180,685,,,,,3,1,,,2025,AS_NEW,GAS,,,False,False,NON_FLOOD_ZONE,,Immo Da Vinci,2026-06-12,2026-06-12
21583463,https://www.immoweb.be/en/classified/21583463,House for sale in Sint-Amandsberg,725000,Antwerpsesteenweg 239,9040,Sint-Amandsberg,house,house,for-sale,205,0,,,,,3,1,A,1,1890,AS_NEW,,,,,,NON_FLOOD_ZONE,1484,Carlo Eggermont,2026-06-12,2026-06-12
21582532,https://www.immoweb.be/en/classified/21582532,House for sale in Wondelgem,399000,Kolegemstraat 190,9032,Wondelgem,house,house,for-sale,90,279,True,226,True,,3,1,B,124,1933,JUST_RENOVATED,GAS,1,,,False,,,TOP Vastgoed,2026-06-12,2026-06-12
21582524,https://www.immoweb.be/en/classified/21582524,House for sale in Gent,329000,Bernard de Wildestraat 18,9000,Gent,house,house,for-sale,118,114,True,61,,,3,1,D,,,GOOD,GAS,,,False,False,POSSIBLE_FLOOD_ZONE,,VICUS,2026-06-12,2026-06-12
21582332,https://www.immoweb.be/en/classified/21582332,House for sale in Gent,439000,Antwerpsesteenweg 513,9040,Gent,house,house,for-sale,155,102,,,True,16,3,2,B,174,1900,GOOD,GAS,,,False,False,,495,Immo Da Vinci,2026-06-12,2026-06-12
21582009,https://www.immoweb.be/en/classified/21582009,Apartment_block for sale in Sint-Amandsberg,1080000,Dendermondsesteenweg 364-370*,9040,Sint-Amandsberg,house,apartment_block,for-sale,405,769,,,True,,2,1,B,159,1980,GOOD,GAS,10,4,False,False,POSSIBLE_FLOOD_ZONE,4266,Vastgoed De Vos Evergem,2026-06-12,2026-06-12
21581986,https://www.immoweb.be/en/classified/21581986,House for sale in Gent,545000,Auguste Van Ooststraat 67,9000,Gent,house,house,for-sale,172,60,,,True,,4,2,A,93,,,GAS,,,,False,,500,TOP Vastgoed,2026-06-12,2026-06-12
21581310,https://www.immoweb.be/en/classified/21581310,House for sale in DRONGEN,398000,Boonstede 20,9031,DRONGEN,house,house,for-sale,212,373,,,True,,4,1,C,267,1981,,GAS,1,3,False,False,NON_FLOOD_ZONE,974,Infinimo,2026-06-12,2026-06-12
21581309,https://www.immoweb.be/en/classified/21581309,House for sale in SINT-AMANDSBERG,285000,Krekelberg 11,9040,SINT-AMANDSBERG,house,house,for-sale,123,50,,,,,2,1,B,183,1918,TO_BE_DONE_UP,GAS,,,False,False,NON_FLOOD_ZONE,319,Infinimo,2026-06-12,2026-06-12
21580578,https://www.immoweb.be/en/classified/21580578,House for sale in GENT,445000,Geraard Mercatorstraat 29,9000,GENT,house,house,for-sale,180,82,,,,,4,1,C,278,1918,TO_RENOVATE,GAS,,,False,False,NON_FLOOD_ZONE,510,IMMO-EDEN,2026-06-12,2026-06-12
21532869,https://www.immoweb.be/en/classified/21532869,House for sale in Ledeberg,349000,Louis van Houttestraat 111,9050,Ledeberg,house,house,for-sale,154,111,,,,,3,1,E,431,1899,GOOD,GAS,1,,,False,NON_FLOOD_ZONE,654,Abitos,2026-06-12,2026-06-12
21580038,https://www.immoweb.be/en/classified/21580038,Mansion for sale in Gent,468000,Johan Daisnestraat 3,9000,Gent,house,mansion,for-sale,211,120,,,True,,5,1,F,683,1899,TO_BE_DONE_UP,GAS,,,False,False,NON_FLOOD_ZONE,637,Dult vastgoed,2026-06-12,2026-06-12
21580032,https://www.immoweb.be/en/classified/21580032,House for sale in Ledeberg,520000,Edmond Van Hoorebekestraat 58,9050,Ledeberg,house,house,for-sale,289,253,,,True,,5,1,D,306,1960,,GAS,1,,,True,NON_FLOOD_ZONE,,Vastgoed De Zutter,2026-06-12,2026-06-12
21579978,https://www.immoweb.be/en/classified/21579978,House for sale in Gent,559000,Elsstraat 4,9000,Gent,house,house,for-sale,159,159,True,55,,,3,2,A,16,2025,AS_NEW,,,,,False,NON_FLOOD_ZONE,,Square Real Estate,2026-06-12,2026-06-12
21579975,https://www.immoweb.be/en/classified/21579975,House for sale in Gent,559000,Elsstraat 4,9000,Gent,house,house,for-sale,159,159,True,55,,,3,2,A,16,2025,AS_NEW,,,,,False,NON_FLOOD_ZONE,,Square Real Estate,2026-06-12,2026-06-12
21579294,https://www.immoweb.be/en/classified/21579294,House for sale in Drongen,499000,Noordhoutstraat 13,9031,Drongen,house,house,for-sale,300,1953,,,True,,4,2,E,,1977,GOOD,ELECTRIC,1,2,False,,NON_FLOOD_ZONE,2225,Flame Estate,2026-06-12,2026-06-12
21579291,https://www.immoweb.be/en/classified/21579291,House for sale in Gent,499000,Noordhoutstraat 13,9031,Gent,house,house,for-sale,300,1953,,,True,,4,2,E,,1977,GOOD,ELECTRIC,1,2,False,,NON_FLOOD_ZONE,2225,Flame Estate,2026-06-12,2026-06-12
21579214,https://www.immoweb.be/en/classified/21579214,Apartment_block for sale in Gent,960000,Jan Frans Willemsstraat 4,9000,Gent,house,apartment_block,for-sale,193,36,,,True,5,7,3,F,592,,,,,,False,,POSSIBLE_FLOOD_ZONE,555,Agence Rosseel,2026-06-12,2026-06-12
21579089,https://www.immoweb.be/en/classified/21579089,House for sale in WONDELGEM,349000,Grensstraat 157,9032,WONDELGEM,house,house,for-sale,126,196,True,55,,,2,1,D,348,1934,,,1,,False,False,NON_FLOOD_ZONE,533,de Fooz,2026-06-12,2026-06-12
21577805,https://www.immoweb.be/en/classified/21577805,House_group for sale in Oostakker,,Bredestraat 127,9041,Oostakker,house_group,house_group,for-sale,,,,,,,,,,,,,,,,,,,,HECTAAR NV,2026-06-12,2026-06-12
21577696,https://www.immoweb.be/en/classified/21577696,House for sale in OOSTAKKER,385000,Gentstraat 128,9041,OOSTAKKER,house,house,for-sale,162,0,True,100,True,30,4,1,C,280,,JUST_RENOVATED,GAS,2,2,False,False,NON_FLOOD_ZONE,354,CENTURY 21 Woonkantoor,2026-06-12,2026-06-12
21577595,https://www.immoweb.be/en/classified/21577595,House for sale in Gent,315000,Gebroeders de Smetstraat 10,9000,Gent,house,house,for-sale,136,97,True,27,True,30,4,1,D,310,1900,TO_BE_DONE_UP,GAS,,,,False,NON_FLOOD_ZONE,441,CASAVISTA VASTGOEDKANTOOR,2026-06-12,2026-06-12
21577279,https://www.immoweb.be/en/classified/21577279,House for sale in Oostakker,468000,Groenstraat 345,9041,Oostakker,house,house,for-sale,,817,,,True,,2,1,C,272,1951,AS_NEW,GAS,1,2,False,,NON_FLOOD_ZONE,557,Vastgoedkantoor IMMO-HOME,2026-06-12,2026-06-12
21577171,https://www.immoweb.be/en/classified/21577171,House_group for sale in Oostakker,,Bredestraat 127,9041,Oostakker,house_group,house_group,for-sale,,,,,,,,,,,,,,,,,,,,HECTAAR NV,2026-06-12,2026-06-12
21502436,https://www.immoweb.be/en/classified/21502436,House for sale in Gentbrugge,370000,Koningsdonkstraat 21,9050,Gentbrugge,house,house,for-sale,143,330,,,True,,4,1,E,428,1930,,GAS,1,,,,,662,Immo Nobels,2026-06-12,2026-06-12
21577126,https://www.immoweb.be/en/classified/21577126,House for sale in Oostakker,439000,Renaat De Rudderstraat 9,9041,Oostakker,house,house,for-sale,,316,,,,,3,1,C,288,1966,GOOD,,1,,,,NON_FLOOD_ZONE,307,oko vastgoed,2026-06-12,2026-06-12
21576925,https://www.immoweb.be/en/classified/21576925,House for sale in Gent,599000,Nekkersputstraat 176,9000,Gent,house,house,for-sale,165,3765,True,2915,,,3,2,A++,,2026,AS_NEW,SOLAR,,1,False,,NON_FLOOD_ZONE,,Cohousing Projects BV,2026-06-12,2026-06-12
21576267,https://www.immoweb.be/en/classified/21576267,House for sale in Gent,429000,,9041,Gent,house,house,for-sale,155,246,,,True,9,3,1,B,,1960,AS_NEW,,1,1,False,True,NON_FLOOD_ZONE,,PRIVATE,2026-06-12,2026-06-12
21576264,https://www.immoweb.be/en/classified/21576264,House for sale in Gent,549000,Martelaarslaan 190,9000,Gent,house,house,for-sale,155,100,True,1,True,1,3,1,B,198,,AS_NEW,GAS,,,False,,NON_FLOOD_ZONE,626,PRIVATE,2026-06-12,2026-06-12
21576244,https://www.immoweb.be/en/classified/21576244,House for sale in Gent,535000,Jules De Saint-Genoisstraat 48,9050,Gent,house,house,for-sale,141,0,True,41,True,,3,1,A,,,AS_NEW,GAS,,,False,,NON_FLOOD_ZONE,,PRIVATE,2026-06-12,2026-06-12
21576240,https://www.immoweb.be/en/classified/21576240,House for sale in Gent,379000,Jasmijnstraat 57,9000,Gent,house,house,for-sale,130,81,True,32,True,32,3,1,B,141,1930,,GAS,,,False,,NON_FLOOD_ZONE,307,PRIVATE,2026-06-12,2026-06-12
21575868,https://www.immoweb.be/en/classified/21575868,House for sale in GENT,545000,Hemelrijkstraat 15,9051,GENT,house,house,for-sale,148,200,,,,,3,2,A,23,2025,GOOD,,,,False,False,NON_FLOOD_ZONE,,Axel Lenaerts Makelaars Destelbergen,2026-06-12,2026-06-12
21575163,https://www.immoweb.be/en/classified/21575163,House for sale in Gent,399000,Luxemburgstraat 11,9000,Gent,house,house,for-sale,133,67,,,,,4,1,C,291,1938,GOOD,GAS,,,,,NON_FLOOD_ZONE,416,TOP Vastgoed,2026-06-12,2026-06-12
21574774,https://www.immoweb.be/en/classified/21574774,Villa for sale in Gent,795000,Steenaardestraat 14,9051,Gent,house,villa,for-sale,196,1980,True,1849,,,4,1,F,556,1909,TO_RENOVATE,GAS,,,False,,NON_FLOOD_ZONE,495,De Vastgoedadviseur,2026-06-12,2026-06-12
21574584,https://www.immoweb.be/en/classified/21574584,Manor_house for sale in Gent,7000000,,9000,Gent,house,manor_house,for-sale,855,40000,,,,,7,5,E,487,2010,AS_NEW,GAS,,,False,,POSSIBLE_FLOOD_ZONE,,PL Real Estate,2026-06-12,2026-06-12
21574540,https://www.immoweb.be/en/classified/21574540,House for sale in Gent,575000,Meulestedekaai 39a,9000,Gent,house,house,for-sale,200,114,,,True,,2,1,C,205,,GOOD,GAS,,,False,,NON_FLOOD_ZONE,,PRIVATE,2026-06-12,2026-06-12
21573782,https://www.immoweb.be/en/classified/21573782,House for sale in Gent,428000,Blaisantvest 88,9000,Gent,house,house,for-sale,125,46,,,True,10,3,1,B,190,1911,GOOD,GAS,,,False,True,NON_FLOOD_ZONE,486,Vastgoed Dejonghe,2026-06-12,2026-06-12
21573770,https://www.immoweb.be/en/classified/21573770,House for sale in Gent,428000,Blaisantvest 88,9000,Gent,house,house,for-sale,125,46,,,True,10,3,1,B,190,1911,GOOD,GAS,,,False,True,NON_FLOOD_ZONE,486,Vastgoed Dejonghe,2026-06-12,2026-06-12
21573718,https://www.immoweb.be/en/classified/21573718,House for sale in Gent,1050000,Petrus Meirestraat 11,9030,Gent,house,house,for-sale,315,1717,,,True,,4,2,D,377,1985,GOOD,GAS,,,False,,,2030,Huysewinkel Gent BV,2026-06-12,2026-06-12
21573669,https://www.immoweb.be/en/classified/21573669,House for sale in Gent,575000,Streepbosstraat 19,9031,Gent,house,house,for-sale,177,1464,,,True,,3,1,D,,1986,GOOD,,1,1,False,,NON_FLOOD_ZONE,1132,Flame Estate,2026-06-12,2026-06-12
21573060,https://www.immoweb.be/en/classified/21573060,House for sale in Gent,498000,Nieuwland 80-82-84,9000,Gent,house,house,for-sale,250,154,,,,,7,3,D,399,1930,TO_BE_DONE_UP,GAS,,,,,NON_FLOOD_ZONE,1043,oko vastgoed,2026-06-12,2026-06-12
21572345,https://www.immoweb.be/en/classified/21572345,House for sale in Sint-Kruis-Winkel,379000,Sint-Kruis-Winkeldorp 24,9042,Sint-Kruis-Winkel,house,house,for-sale,163,726,,,,,3,1,C,253,1963,GOOD,GAS,1,,,,NON_FLOOD_ZONE,433,ImmoMaMo,2026-06-12,2026-06-12
21572208,https://www.immoweb.be/en/classified/21572208,House for sale in Oostakker,25000,Bredestraat 128,9041,Oostakker,house,house,for-sale,,371,,,,,3,1,F,1306,,TO_RENOVATE,,,,,,,285,"Kompas Notarissen, Geassocieerde Notarissen",2026-06-12,2026-06-12
21571968,https://www.immoweb.be/en/classified/21571968,House for sale in OOSTAKKER,380000,Lourdesstraat 62A,9041,OOSTAKKER,house,house,for-sale,188,0,,,,,3,1,B,180,,,GAS,,,False,False,NON_FLOOD_ZONE,495,Pattymo,2026-06-12,2026-06-12
21571536,https://www.immoweb.be/en/classified/21571536,House for sale in Gent,515000,Vlotstraat 34,9000,Gent,house,house,for-sale,152,119,True,40,True,8,6,0,C,,1899,GOOD,GAS,,,False,,NON_FLOOD_ZONE,743,Access Estate,2026-06-12,2026-06-12
21571117,https://www.immoweb.be/en/classified/21571117,House_group for sale in Gent,,Doornzelestraat 23,9000,Gent,house_group,house_group,for-sale,,,,,,,,,,,,,,,,,,NON_FLOOD_ZONE,,Dewaele-woonvastgoed Gent,2026-06-12,2026-06-12
21570412,https://www.immoweb.be/en/classified/21570412,House for sale in Gent,398000,Meeuwstraat 16,9000,Gent,house,house,for-sale,114,68,,,True,,3,2,B,183,,GOOD,,,,,,NON_FLOOD_ZONE,415,Carlo Eggermont,2026-06-12,2026-06-12
21570225,https://www.immoweb.be/en/classified/21570225,House for sale in Gent,395000,Boerderijstraat 58,9000,Gent,house,house,for-sale,163,182,True,45,True,41,3,2,C,247,1937,GOOD,GAS,1,,False,False,NON_FLOOD_ZONE,443,DMG Vastgoed,2026-06-12,2026-06-12
21570190,https://www.immoweb.be/en/classified/21570190,House for sale in Gent,549000,Vlasstraat 30,9030,Gent,house,house,for-sale,179,207,True,56,True,22,4,1,B,167,,AS_NEW,GAS,1,1,False,,NON_FLOOD_ZONE,,PRIVATE,2026-06-12,2026-06-12
21570137,https://www.immoweb.be/en/classified/21570137,House for sale in Zwijnaarde,220000,Cyrille Van de Veegaetestraat 48,9052,Zwijnaarde,house,house,for-sale,126,90,,,,,3,1,E,420,1938,TO_RENOVATE,GAS,,,,False,NON_FLOOD_ZONE,292,Febimmo,2026-06-12,2026-06-12
21447531,https://www.immoweb.be/en/classified/21447531,House for sale in Sint-Amandsberg,349000,Wittemolenstraat 140,9040,Sint-Amandsberg,house,house,for-sale,145,78,,,,,4,1,D,392,1918,GOOD,GAS,,,,,NON_FLOOD_ZONE,738,oko vastgoed,2026-06-12,2026-06-12
21569509,https://www.immoweb.be/en/classified/21569509,House for sale in Mendonk,198000,Mendonkdorp 83,9042,Mendonk,house,house,for-sale,95,138,,,,,2,1,F,850,1931,TO_RENOVATE,,,2,,,NON_FLOOD_ZONE,205,Lo-Immo bvba,2026-06-12,2026-06-12
21569492,https://www.immoweb.be/en/classified/21569492,House for sale in Gentbrugge,299000,Tweekapellenstraat 135,9050,Gentbrugge,house,house,for-sale,135,145,,,,,2,1,C,257,1899,TO_RENOVATE,GAS,,,,False,NON_FLOOD_ZONE,525,Bordes Merelbeke,2026-06-12,2026-06-12
21569059,https://www.immoweb.be/en/classified/21569059,House for sale in Gent,580000,Frans Van Ryhovelaan 33,9000,Gent,house,house,for-sale,234,334,True,202,True,19,5,2,C,233,,AS_NEW,GAS,1,,False,,NON_FLOOD_ZONE,800,PRIVATE,2026-06-12,2026-06-12
21568833,https://www.immoweb.be/en/classified/21568833,House for sale in Gent,319000,Grensstraat 251,9032,Gent,house,house,for-sale,125,146,True,76,,,3,1,F,643,1930,TO_BE_DONE_UP,,,,False,,NON_FLOOD_ZONE,314,Gentill Gent,2026-06-12,2026-06-12
21568753,https://www.immoweb.be/en/classified/21568753,House_group for sale in Sint-Amandsberg,,Beelbroekstraat 35,9040,Sint-Amandsberg,house_group,house_group,for-sale,,,,,,,,,,,,,,,,,,NON_FLOOD_ZONE,,Altro Projects,2026-06-12,2026-06-12
21568676,https://www.immoweb.be/en/classified/21568676,House for sale in Gent,425000,Wielewaalstraat 96,9000,Gent,house,house,for-sale,119,75,True,14,True,9,4,1,B,118,1900,AS_NEW,GAS,,,False,False,NON_FLOOD_ZONE,567,Immo Da Vinci,2026-06-12,2026-06-12
21567926,https://www.immoweb.be/en/classified/21567926,House for sale in Gent,449000,Frans Uyttenhovestraat 40,9040,Gent,house,house,for-sale,147,699,,,True,,2,1,D,357,1979,GOOD,GAS,1,,False,False,NON_FLOOD_ZONE,1046,Brutin Vastgoed,2026-06-12,2026-06-12
21567867,https://www.immoweb.be/en/classified/21567867,House for sale in Gent Mariakerke,449000,Molenwalstraat 25B,9030,Gent Mariakerke,house,house,for-sale,,220,,,True,,4,1,A,37,2012,AS_NEW,GAS,1,1,False,False,NON_FLOOD_ZONE,956,Brutin Vastgoed,2026-06-12,2026-06-12
21567571,https://www.immoweb.be/en/classified/21567571,House for sale in Gent,545000,Fluweelstraat 31,9000,Gent,house,house,for-sale,129,97,True,34,True,9,3,1,B,116,1937,AS_NEW,,,,False,,NON_FLOOD_ZONE,374,PRIVATE,2026-06-12,2026-06-12
21567437,https://www.immoweb.be/en/classified/21567437,House for sale in Mariakerke,325000,Speistraat 26,9030,Mariakerke,house,house,for-sale,147,696,,,,,2,1,D,326,,,GAS,1,,,False,NON_FLOOD_ZONE,,Vastgoed De Zutter,2026-06-12,2026-06-12
21567079,https://www.immoweb.be/en/classified/21567079,House for sale in GENT,445000,Muilaardstraat 21,9000,GENT,house,house,for-sale,126,70,,,True,20,3,1,B,186,1932,,GAS,,,False,False,NON_FLOOD_ZONE,299,Axel Lenaerts makelaars Gent,2026-06-12,2026-06-12
21567002,https://www.immoweb.be/en/classified/21567002,House for sale in Gent,4350000,Bandelierstraat 1,9000,Gent,house,house,for-sale,73,35,,,,,2,1,C,248,1875,GOOD,GAS,,,,False,NON_FLOOD_ZONE,,FS-VASTGOED,2026-06-12,2026-06-12
21567001,https://www.immoweb.be/en/classified/21567001,House for sale in Gent Sint-Kruis-Winkel,469900,Albert De Smetstraat 4,9042,Gent Sint-Kruis-Winkel,house,house,for-sale,165,304,True,174,True,,5,2,C,293,1960,JUST_RENOVATED,GAS,,2,False,,,,TOP Vastgoed,2026-06-12,2026-06-12
21411003,https://www.immoweb.be/en/classified/21411003,House for sale in Gent,495000,Wolfstraat 7,9000,Gent,house,house,for-sale,,0,,,,,3,1,D,397,,TO_BE_DONE_UP,,,,,,NON_FLOOD_ZONE,,Affinimmo,2026-06-12,2026-06-12
21566920,https://www.immoweb.be/en/classified/21566920,Apartment_block for sale in Drongen,650000,Baarledorpstraat 92,9031,Drongen,house,apartment_block,for-sale,400,823,,,True,,5,3,B,193,,,FUELOIL,,,False,,NON_FLOOD_ZONE,2252,Agence Rosseel,2026-06-12,2026-06-12
21566839,https://www.immoweb.be/en/classified/21566839,House for sale in Gent,730000,Tuinwijklaan 31,9000,Gent,house,house,for-sale,169,148,True,65,,,4,1,C,249,1932,AS_NEW,GAS,,,False,,NON_FLOOD_ZONE,,PRIVATE,2026-06-12,2026-06-12
21566681,https://www.immoweb.be/en/classified/21566681,House for sale in Gent,659000,Motorstraat 117,9000,Gent,house,house,for-sale,257,329,True,245,True,,4,1,A,91,,AS_NEW,GAS,,,,,,,TOP Vastgoed,2026-06-12,2026-06-12
21566680,https://www.immoweb.be/en/classified/21566680,House for sale in Gent,299000,De Pintelaan 218,9000,Gent,house,house,for-sale,114,94,,,,,4,1,E,496,,TO_BE_DONE_UP,GAS,,,,False,,577,TOP Vastgoed,2026-06-12,2026-06-12
21566181,https://www.immoweb.be/en/classified/21566181,House for sale in Gent,395000,Guido Gezellestraat 10,9050,Gent,house,house,for-sale,118,68,,,True,18,3,1,B,127,,AS_NEW,GAS,,,False,,,456,PRIVATE,2026-06-12,2026-06-12
21565187,https://www.immoweb.be/en/classified/21565187,House for sale in Sint-Amandsberg,375000,Nekkersvijverstraat 37,9040,Sint-Amandsberg,house,house,for-sale,174,156,,,True,,3,1,F,749,1955,GOOD,GAS,,,False,False,NON_FLOOD_ZONE,604,Dewaele-woonvastgoed Gent,2026-06-12,2026-06-12
21565015,https://www.immoweb.be/en/classified/21565015,House for sale in Gent,375000,Achilles Musschestraat 144,9000,Gent,house,house,for-sale,152,143,True,43,,,3,1,E,439,1940,TO_BE_DONE_UP,FUELOIL,,,False,,NON_FLOOD_ZONE,589,PRIVATE,2026-06-12,2026-06-12
21564755,https://www.immoweb.be/en/classified/21564755,House_group for sale in Gent,,Spijkstraat 91,9000,Gent,house_group,house_group,for-sale,,,,,,,,,A,,,,,,,,,NON_FLOOD_ZONE,,Novus Projects nv,2026-06-12,2026-06-12
21564619,https://www.immoweb.be/en/classified/21564619,House for sale in Gent,535000,Spijkstraat 93,9000,Gent,house,house,for-sale,178,157,True,1,,,4,2,A,,2026,AS_NEW,,,,False,,NON_FLOOD_ZONE,,Novus Projects nv,2026-06-12,2026-06-12
21564407,https://www.immoweb.be/en/classified/21564407,House for sale in Gent,535000,Spijkstraat 91-93,9000,Gent,house,house,for-sale,177,157,True,87,True,11,4,2,,,2026,AS_NEW,,,,False,False,NON_FLOOD_ZONE,,Immo Da Vinci,2026-06-12,2026-06-12
21564405,https://www.immoweb.be/en/classified/21564405,House for sale in Gent,535000,Spijkstraat 91-93,9000,Gent,house,house,for-sale,177,155,True,85,True,11,4,2,,,2026,AS_NEW,,,,False,False,NON_FLOOD_ZONE,,Immo Da Vinci,2026-06-12,2026-06-12
21564401,https://www.immoweb.be/en/classified/21564401,House_group for sale in Gent,,Spijkstraat 91-93,9000,Gent,house_group,house_group,for-sale,,,,,,,,,,,,,,,,,,NON_FLOOD_ZONE,,Immo Da Vinci,2026-06-12,2026-06-12
21563773,https://www.immoweb.be/en/classified/21563773,House for sale in Gent,499000,Lijnwaadstraat 59,9000,Gent,house,house,for-sale,135,135,True,83,True,17,4,1,,,,AS_NEW,,,,False,,,,SONO invest BVBA,2026-06-12,2026-06-12
21563464,https://www.immoweb.be/en/classified/21563464,House for sale in Gent,398000,Schaliestraat 39,9000,Gent,house,house,for-sale,100,58,,,True,7,3,1,A,70,1942,AS_NEW,GAS,,,False,False,POSSIBLE_FLOOD_ZONE,,VICUS,2026-06-12,2026-06-12
21561760,https://www.immoweb.be/en/classified/21561760,Farmhouse for sale in Gent,1495000,Sneppenbrugstraat 5-7,9000,Gent,house,farmhouse,for-sale,401,6546,,,,,0,0,F,641,1805,GOOD,,,,,,NON_FLOOD_ZONE,2308,Abitos,2026-06-12,2026-06-12
21561513,https://www.immoweb.be/en/classified/21561513,House for sale in Gent,219500,Engelbert Van Arenbergstraat 66,9000,Gent,house,house,for-sale,69,35,,,,,2,1,E,,1874,TO_BE_DONE_UP,GAS,,,False,,NON_FLOOD_ZONE,185,Vandeven & Hellemans Vastgoed,2026-06-12,2026-06-12
21561509,https://www.immoweb.be/en/classified/21561509,House for sale in Gent,230000,Engelbert Van Arenbergstraat 64,9000,Gent,house,house,for-sale,69,35,,,,,2,1,E,,1874,GOOD,GAS,,,False,,NON_FLOOD_ZONE,173,Vandeven & Hellemans Vastgoed,2026-06-12,2026-06-12
21561494,https://www.immoweb.be/en/classified/21561494,House for sale in Gent,199500,Engelbert Van Arenbergstraat 62,9000,Gent,house,house,for-sale,69,36,,,,,2,1,E,,1874,TO_RENOVATE,GAS,,,False,,NON_FLOOD_ZONE,161,Vandeven & Hellemans Vastgoed,2026-06-12,2026-06-12
21561480,https://www.immoweb.be/en/classified/21561480,House for sale in Gent,219500,Engelbert Van Arenbergstraat 60,9000,Gent,house,house,for-sale,70,36,,,,,2,1,F,,1874,TO_BE_DONE_UP,GAS,,,False,,NON_FLOOD_ZONE,161,Vandeven & Hellemans Vastgoed,2026-06-12,2026-06-12
21560552,https://www.immoweb.be/en/classified/21560552,House for sale in Sint-Denijs-Westrem,670000,Lodewijk De Raetstraat 2,9051,Sint-Denijs-Westrem,house,house,for-sale,296,1100,True,1100,,,4,0,D,374,,,GAS,,,False,,,,I-MOOV,2026-06-12,2026-06-12
21560487,https://www.immoweb.be/en/classified/21560487,Apartment_block for sale in Gent,799000,Rooigemlaan 416,9000,Gent,house,apartment_block,for-sale,187,74,,,,,2,2,D,,,GOOD,GAS,,,,,NON_FLOOD_ZONE,1085,Convas,2026-06-12,2026-06-12
21560069,https://www.immoweb.be/en/classified/21560069,House for sale in Gent,738000,Bonifantenstraat 14,9000,Gent,house,house,for-sale,184,60,,,True,24,3,2,B,129,1859,AS_NEW,,,,False,,NON_FLOOD_ZONE,869,Huysewinkel Gent BV,2026-06-12,2026-06-12
21560048,https://www.immoweb.be/en/classified/21560048,House for sale in Drongen,575000,Streepbosstraat 19,9031,Drongen,house,house,for-sale,177,1464,,,True,,3,1,D,,1986,GOOD,,1,1,False,,NON_FLOOD_ZONE,1132,Flame Estate,2026-06-12,2026-06-12
21560043,https://www.immoweb.be/en/classified/21560043,House for sale in Gent,399000,Beukelaarstraat 2,9000,Gent,house,house,for-sale,133,60,,,,,0,0,B,,1874,GOOD,GAS,,,False,,POSSIBLE_FLOOD_ZONE,1028,Access Estate,2026-06-12,2026-06-12
21559941,https://www.immoweb.be/en/classified/21559941,House for sale in Gent,335000,Rooskenstraat 3,9052,Gent,house,house,for-sale,143,83,True,12,,,3,1,B,173,,JUST_RENOVATED,ELECTRIC,,,False,,NON_FLOOD_ZONE,,PRIVATE,2026-06-12,2026-06-12
21559015,https://www.immoweb.be/en/classified/21559015,House for sale in Gent,190000,Walstraat 78,9000,Gent,house,house,for-sale,68,44,,,,,2,0,F,745,1900,TO_RENOVATE,GAS,,,,,NON_FLOOD_ZONE,237,Convas,2026-06-12,2026-06-12
21558356,https://www.immoweb.be/en/classified/21558356,Mansion for sale in Gent,1250000,Vrijdagmarkt 7,9000,Gent,house,mansion,for-sale,290,57,,,True,15,3,2,C,203,1600,GOOD,GAS,,,False,,NON_FLOOD_ZONE,2084,Huysewinkel Gent BV,2026-06-12,2026-06-12
21557067,https://www.immoweb.be/en/classified/21557067,Mixed_use_building for sale in GENT,345000,,9050,GENT,house,mixed_use_building,for-sale,228,88,,,,,5,3,C,212,1939,TO_RENOVATE,GAS,,,False,False,POSSIBLE_FLOOD_ZONE,1482,Excellent Vastgoed,2026-06-12,2026-06-12
21557065,https://www.immoweb.be/en/classified/21557065,House for sale in GENT,345000,,9050,GENT,house,house,for-sale,228,88,,,,,5,3,C,212,1939,TO_RENOVATE,GAS,,,False,False,POSSIBLE_FLOOD_ZONE,1482,Excellent Vastgoed,2026-06-12,2026-06-12
21556841,https://www.immoweb.be/en/classified/21556841,House for sale in OOSTAKKER,350000,Gentstraat 245,9041,OOSTAKKER,house,house,for-sale,150,230,,,,,3,2,D,364,1935,TO_BE_DONE_UP,GAS,1,,False,False,NON_FLOOD_ZONE,280,Pattymo,2026-06-12,2026-06-12
21556447,https://www.immoweb.be/en/classified/21556447,House for sale in Gent,499000,Yvonne Desirantstraat 8,9032,Gent,house,house,for-sale,197,250,True,70,True,35,4,1,A,99,2011,GOOD,GAS,1,2,False,False,NON_FLOOD_ZONE,,PRIVATE,2026-06-12,2026-06-12
21556203,https://www.immoweb.be/en/classified/21556203,House for sale in Ledeberg,449000,Hundelgemsesteenweg 269,9050,Ledeberg,house,house,for-sale,110,157,True,65,True,7,3,1,A+,-4,1850,JUST_RENOVATED,GAS,,,,,NON_FLOOD_ZONE,347,Convas,2026-06-12,2026-06-12
21556202,https://www.immoweb.be/en/classified/21556202,House for sale in Gent,449000,Hundelgemsesteenweg 269,9000,Gent,house,house,for-sale,110,157,True,65,True,7,3,1,A+,-4,1850,JUST_RENOVATED,GAS,,,,,NON_FLOOD_ZONE,347,Convas,2026-06-12,2026-06-12
21556012,https://www.immoweb.be/en/classified/21556012,House for sale in Gent,750000,Gaspeldoorndreef 9,9031,Gent,house,house,for-sale,270,924,,,,,4,2,B,184,1985,GOOD,ELECTRIC,2,,False,,NON_FLOOD_ZONE,1383,I-MOOV,2026-06-12,2026-06-12
21555899,https://www.immoweb.be/en/classified/21555899,Mixed_use_building for sale in Gent,1210000,Jockeystraat 9,9000,Gent,house,mixed_use_building,for-sale,361,197,,,True,,0,3,A,99,1961,GOOD,GAS,2,,False,,NON_FLOOD_ZONE,,Huysewinkel Gent BV,2026-06-12,2026-06-12
21555538,https://www.immoweb.be/en/classified/21555538,House for sale in Gent,195000,Edmond Blockstraat 12,9050,Gent,house,house,for-sale,109,0,,,,,3,,F,,1940,,,,,False,,NON_FLOOD_ZONE,,PRIVATE,2026-06-12,2026-06-12
21555430,https://www.immoweb.be/en/classified/21555430,House for sale in GENT,487000,Kogelstraat 55,9000,GENT,house,house,for-sale,156,184,,,True,92,2,1,C,211,2009,AS_NEW,GAS,,2,False,False,,876,CANNOODT,2026-06-12,2026-06-12
21555421,https://www.immoweb.be/en/classified/21555421,Apartment_block for sale in Gent,1975000,Muinkkaai 31,9000,Gent,house,apartment_block,for-sale,445,183,,,True,31,9,5,A,77,2019,AS_NEW,GAS,,,,False,NON_FLOOD_ZONE,,Cornelis Goeman Merelbeke,2026-06-12,2026-06-12
21554978,https://www.immoweb.be/en/classified/21554978,Apartment_block for sale in Gent,435000,Notelaarstraat 43,9000,Gent,house,apartment_block,for-sale,72,72,,,,,3,3,C,244,1967,GOOD,GAS,,,False,,NON_FLOOD_ZONE,1492,PRIVATE,2026-06-12,2026-06-12
21554898,https://www.immoweb.be/en/classified/21554898,House for sale in Zwijnaarde,424000,Cornelis de Schepperstraat 15,9052,Zwijnaarde,house,house,for-sale,168,306,,,True,,3,1,B,167,1992,GOOD,GAS,1,1,,False,NON_FLOOD_ZONE,823,Febimmo,2026-06-12,2026-06-12
21554645,https://www.immoweb.be/en/classified/21554645,House for sale in Gentbrugge,399000,Brusselsesteenweg 707,9050,Gentbrugge,house,house,for-sale,218,300,True,300,True,,4,1,C,274,1932,GOOD,GAS,,2,,False,NON_FLOOD_ZONE,599,Immo T bvba,2026-06-12,2026-06-12
21553959,https://www.immoweb.be/en/classified/21553959,House for sale in Wondelgem,495000,Kolegemstraat 132,9032,Wondelgem,house,house,for-sale,181,307,True,196,,,4,2,B,176,1961,AS_NEW,GAS,1,,,False,,927,TOP Vastgoed,2026-06-12,2026-06-12
21069249,https://www.immoweb.be/en/classified/21069249,House for sale in Gent,385000,Myosotisstraat 35,9000,Gent,house,house,for-sale,180,579,True,300,,,4,1,E,,1932,GOOD,GAS,150,20,False,,,,Eurobim,2026-06-12,2026-06-12
21313970,https://www.immoweb.be/en/classified/21313970,House for sale in Mariakerke,795000,Molenkouter 3,9030,Mariakerke,house,house,for-sale,259,1214,,,True,,2,1,E,450,1994,GOOD,,2,3,False,,NON_FLOOD_ZONE,,Agence Demanet,2026-06-12,2026-06-12
21553104,https://www.immoweb.be/en/classified/21553104,House for sale in Sint-Amandsberg,150000,Doornakkerstraat 69,9040,Sint-Amandsberg,house,house,for-sale,,70,,,,,2,,D,333,,,,,,,,NON_FLOOD_ZONE,257,VAN DAMME WIM - NOTARIS,2026-06-12,2026-06-12
21552815,https://www.immoweb.be/en/classified/21552815,House for sale in Wondelgem,395000,Zandstraat 7,9032,Wondelgem,house,house,for-sale,157,150,True,73,True,,4,2,B,199,1930,TO_BE_DONE_UP,GAS,,,False,False,,550,TOP Vastgoed,2026-06-12,2026-06-12
21552600,https://www.immoweb.be/en/classified/21552600,Villa for sale in Drongen,796000,Luchterenstraat 3,9031,Drongen,house,villa,for-sale,428,1787,,,,,4,2,B,161,1993,GOOD,GAS,2,,,,,1462,"Notariaat Drongen, geassocieerde notarissen",2026-06-12,2026-06-12
21552410,https://www.immoweb.be/en/classified/21552410,House for sale in Gent,395000,Kokerstraat 31,9000,Gent,house,house,for-sale,92,49,,,,,2,1,B,148,,AS_NEW,GAS,,,False,False,,399,Entree,2026-06-12,2026-06-12
21552374,https://www.immoweb.be/en/classified/21552374,House for sale in Gent,270000,Sint-Jozefstraat 5,9041,Gent,house,house,for-sale,64,0,,,,,1,,A,,2027,GOOD,,,,False,False,NON_FLOOD_ZONE,,Entree,2026-06-12,2026-06-12
21552364,https://www.immoweb.be/en/classified/21552364,House for sale in Ledeberg,199000,Jozef Vervaenestraat 22,9050,Ledeberg,house,house,for-sale,46,0,,,True,10,1,1,D,,,AS_NEW,GAS,,,False,False,NON_FLOOD_ZONE,,Entree,2026-06-12,2026-06-12
21552356,https://www.immoweb.be/en/classified/21552356,House for sale in Gent,175000,Haardstedestraat 71,9000,Gent,house,house,for-sale,,156,,,,,3,1,D,313,,JUST_RENOVATED,,,,,,,1,Notaris Joost EEMAN,2026-06-12,2026-06-12
21552278,https://www.immoweb.be/en/classified/21552278,House for sale in Gent,463000,Domien Geersstraat 68,9041,Gent,house,house,for-sale,205,902,,,,,3,1,C,,1962,AS_NEW,GAS,,,False,,NON_FLOOD_ZONE,994,Vastgoed Alderweireldt,2026-06-12,2026-06-12
21552029,https://www.immoweb.be/en/classified/21552029,House for sale in Gent,295000,Snoekstraat 78,9000,Gent,house,house,for-sale,115,164,True,105,True,10,3,1,F,547,1980,TO_RENOVATE,ELECTRIC,,,False,False,POSSIBLE_FLOOD_ZONE,,Altro Vastgoed Gent,2026-06-12,2026-06-12
21550551,https://www.immoweb.be/en/classified/21550551,House for sale in Gent,259000,Loodsenstraat 23,9000,Gent,house,house,for-sale,130,90,,,True,,4,1,F,665,1900,GOOD,GAS,,,False,False,NON_FLOOD_ZONE,297,Vastgoed De Vos Evergem,2026-06-12,2026-06-12
21550401,https://www.immoweb.be/en/classified/21550401,House for sale in Oostakker,439000,Kamerijkstraat 13,9041,Oostakker,house,house,for-sale,225,858,,,True,,3,1,D,349,1981,TO_BE_DONE_UP,GAS,1,,,,NON_FLOOD_ZONE,1373,Lo-Immo bvba,2026-06-12,2026-06-12
21549278,https://www.immoweb.be/en/classified/21549278,House for sale in Gent,219000,Madeliefjesstraat 10,9000,Gent,house,house,for-sale,74,35,,,,,2,1,C,229,1918,TO_BE_DONE_UP,GAS,,,,False,NON_FLOOD_ZONE,408,Abitos,2026-06-12,2026-06-12
21548917,https://www.immoweb.be/en/classified/21548917,House for sale in Gent,249000,Brugsesteenweg 50,9000,Gent,house,house,for-sale,62,59,,,True,,1,1,C,215,,GOOD,,,,,,,,Albert Affligem,2026-06-12,2026-06-12
21548424,https://www.immoweb.be/en/classified/21548424,House for sale in Mariakerke,599000,Brugsesteenweg 466,9030,Mariakerke,house,house,for-sale,459,0,,,,,2,1,E,,1967,GOOD,,,,,,NON_FLOOD_ZONE,3533,Convas,2026-06-12,2026-06-12
21547701,https://www.immoweb.be/en/classified/21547701,House for sale in Drongen,659000,Beekstraatkouter 113,9031,Drongen,house,house,for-sale,255,841,,,True,,6,2,C,224,1994,GOOD,GAS,2,,False,,NON_FLOOD_ZONE,,Makelaarshuys,2026-06-12,2026-06-12
21547696,https://www.immoweb.be/en/classified/21547696,House for sale in Sint-Denijs-Westrem,790000,James Ensorlaan 31,9051,Sint-Denijs-Westrem,house,house,for-sale,206,827,,,True,,4,1,D,315,1962,TO_RENOVATE,GAS,2,4,False,,NON_FLOOD_ZONE,1470,IRRES,2026-06-12,2026-06-12
21547328,https://www.immoweb.be/en/classified/21547328,House for sale in GENT,335000,Zwijnaardsesteenweg 822,9000,GENT,house,house,for-sale,120,411,True,299,True,35,3,1,F,521,1933,TO_RENOVATE,GAS,,,False,False,POSSIBLE_FLOOD_ZONE,381,CENTURY 21 Woonkantoor,2026-06-12,2026-06-12
21547307,https://www.immoweb.be/en/classified/21547307,Villa for sale in Mariakerke,595000,Kalemeersstraat 13,9030,Mariakerke,house,villa,for-sale,173,688,True,567,True,,3,1,B,167,1992,GOOD,GAS,1,3,,,,1670,TOP Vastgoed,2026-06-12,2026-06-12
21547149,https://www.immoweb.be/en/classified/21547149,House for sale in Gent,410000,Visserij 261,9000,Gent,house,house,for-sale,150,200,,,True,50,2,1,,,1940,GOOD,,,,False,,,,Roman Vastgoed,2026-06-12,2026-06-12
21546378,https://www.immoweb.be/en/classified/21546378,Mixed_use_building for sale in Gent,531250,Lammerstraat 31,9000,Gent,house,mixed_use_building,for-sale,,344,,,,,3,1,D,400,,TO_RENOVATE,ELECTRIC,,,,,,1698,"Notariaat 9070, geassocieerde notarissen",2026-06-12,2026-06-12
21545647,https://www.immoweb.be/en/classified/21545647,House for sale in Mariakerke,449000,Melkweide 23,9030,Mariakerke,house,house,for-sale,177,648,,,True,,3,1,D,382,1977,GOOD,GAS,1,,,False,NON_FLOOD_ZONE,,Immo Nobels,2026-06-12,2026-06-12
21545621,https://www.immoweb.be/en/classified/21545621,House for sale in Wondelgem,575000,Aalbessenlaan 13,9032,Wondelgem,house,house,for-sale,173,600,,,,,4,1,D,383,1981,GOOD,,,,False,,NON_FLOOD_ZONE,1445,Makelaarshuys,2026-06-12,2026-06-12
21545350,https://www.immoweb.be/en/classified/21545350,Town_house for sale in Gent,285000,Beekstraat 142,9031,Gent,house,town_house,for-sale,130,280,True,175,,,3,1,C,,1968,TO_BE_DONE_UP,,1,,False,,NON_FLOOD_ZONE,,Flame Estate,2026-06-12,2026-06-12
21545108,https://www.immoweb.be/en/classified/21545108,House for sale in Gent,925000,Begijnengracht 23,9000,Gent,house,house,for-sale,180,155,,,True,,3,2,A,96,1850,AS_NEW,,,,False,,NON_FLOOD_ZONE,856,Huysewinkel Gent BV,2026-06-12,2026-06-12
21111411,https://www.immoweb.be/en/classified/21111411,Mixed_use_building for sale in Gent,2650000,,9000,Gent,house,mixed_use_building,for-sale,800,1500,,,,,0,,C,,,TO_BE_DONE_UP,,,,False,,NON_FLOOD_ZONE,,PL Real Estate,2026-06-12,2026-06-12
21544533,https://www.immoweb.be/en/classified/21544533,House_group for sale in Zwijnaarde,,Ter Linden 2,9052,Zwijnaarde,house_group,house_group,for-sale,,,,,,,,,,,,,,,,,,,,Potrell,2026-06-12,2026-06-12
21544481,https://www.immoweb.be/en/classified/21544481,Mixed_use_building for sale in Gent,699000,Dampoortstraat 39,9000,Gent,house,mixed_use_building,for-sale,150,55,,,,,6,3,C,214,,JUST_RENOVATED,,,,,,NON_FLOOD_ZONE,,OC vastgoed,2026-06-12,2026-06-12
21544303,https://www.immoweb.be/en/classified/21544303,Apartment_block for sale in GENT,162500,Gestichtstraat 10,9000,GENT,house,apartment_block,for-sale,13,5100,,,,,1,,A+,,2026,GOOD,,,,True,False,NON_FLOOD_ZONE,,Axel Lenaerts makelaars Gent,2026-06-12,2026-06-12
21544296,https://www.immoweb.be/en/classified/21544296,Apartment_block for sale in GENT,225000,Gestichtstraat 10,9000,GENT,house,apartment_block,for-sale,35,5100,,,,,1,1,A+,,2026,GOOD,,,,True,False,NON_FLOOD_ZONE,,Axel Lenaerts makelaars Gent,2026-06-12,2026-06-12
21544086,https://www.immoweb.be/en/classified/21544086,House for sale in Gent,198000,Blaisantvest 6,9000,Gent,house,house,for-sale,,0,,,,,0,,,,2015,GOOD,,,,False,False,NON_FLOOD_ZONE,,Dewaele-woonvastgoed Gent,2026-06-12,2026-06-12
21543101,https://www.immoweb.be/en/classified/21543101,House for sale in Gent,460000,Redersplein 2,9000,Gent,house,house,for-sale,,0,True,1,True,1,4,1,A+,,,AS_NEW,,,,False,,NON_FLOOD_ZONE,,Acasa,2026-06-12,2026-06-12
21152313,https://www.immoweb.be/en/classified/21152313,House for sale in Zwijnaarde,858000,Maaltemeers 62,9052,Zwijnaarde,house,house,for-sale,182,1661,,,True,,3,1,,,2024,,ELECTRIC,,,,,NON_FLOOD_ZONE,,Potrell,2026-06-12,2026-06-12
21542477,https://www.immoweb.be/en/classified/21542477,House for sale in Gent,985000,Steenaardestraat 32,9051,Gent,house,house,for-sale,233,1416,True,1126,True,20,3,1,E,430,1964,GOOD,GAS,1,2,False,False,NON_FLOOD_ZONE,1968,Vastgoed Dejonghe,2026-06-12,2026-06-12
21541622,https://www.immoweb.be/en/classified/21541622,House for sale in Oostakker,449000,Molzelebilk 42,9041,Oostakker,house,house,for-sale,150,401,,,True,,3,1,B,128,1995,GOOD,GAS,,,,,NON_FLOOD_ZONE,1013,Lo-Immo bvba,2026-06-12,2026-06-12
21541581,https://www.immoweb.be/en/classified/21541581,House_group for sale in Gent,,Redersplein 2,9000,Gent,house_group,house_group,for-sale,,,,,,,,,A+,,,,,,,,,NON_FLOOD_ZONE,,Acasa,2026-06-12,2026-06-12
21540399,https://www.immoweb.be/en/classified/21540399,House_group for sale in Gent,,Redersplein 2,9000,Gent,house_group,house_group,for-sale,,,,,,,,,,,,,,,,,,,,Urbanlink Group,2026-06-12,2026-06-12
21540390,https://www.immoweb.be/en/classified/21540390,House for sale in Gent,150000,Rechtstraat 55,9042,Gent,house,house,for-sale,137,670,,,,,2,1,D,328,1971,TO_BE_DONE_UP,FUELOIL,1,,,,NON_FLOOD_ZONE,575,VAN DAMME WIM - NOTARIS,2026-06-12,2026-06-12
21540387,https://www.immoweb.be/en/classified/21540387,House for sale in Gent,150000,,9042,Gent,house,house,for-sale,119,749,,,,,2,1,F,729,1963,TO_BE_DONE_UP,PELLET,1,,,,NON_FLOOD_ZONE,460,VAN DAMME WIM - NOTARIS,2026-06-12,2026-06-12
21540366,https://www.immoweb.be/en/classified/21540366,House for sale in Gent (9000),349000,Rederijkersstraat 15,9000,Gent (9000),house,house,for-sale,91,45,,,True,,3,1,B,185,0,AS_NEW,GAS,,,False,,NON_FLOOD_ZONE,230,Vastgoedkantoor IMMO-HOME,2026-06-12,2026-06-12
21540365,https://www.immoweb.be/en/classified/21540365,House for sale in Ledeberg,349000,Rederijkersstraat 15,9050,Ledeberg,house,house,for-sale,91,45,,,True,,3,1,B,185,0,AS_NEW,GAS,,,False,,NON_FLOOD_ZONE,230,Vastgoedkantoor IMMO-HOME,2026-06-12,2026-06-12
21539994,https://www.immoweb.be/en/classified/21539994,House for sale in Gent,440000,Redersplein 2,9000,Gent,house,house,for-sale,,0,True,1,True,1,3,,A+,,,,,,,False,,NON_FLOOD_ZONE,,Acasa,2026-06-12,2026-06-12
21539710,https://www.immoweb.be/en/classified/21539710,House for sale in Gent,280000,Lobeliastraat 12,9000,Gent,house,house,for-sale,109,49,,,,,4,1,C,256,,AS_NEW,GAS,,,,False,NON_FLOOD_ZONE,290,Welleman Immobiliën,2026-06-12,2026-06-12
21539699,https://www.immoweb.be/en/classified/21539699,House for sale in Gent,430000,Sassekaai 44,9000,Gent,house,house,for-sale,130,50,,,,,4,1,C,300,1885,GOOD,,,,False,,,448,Eurobim,2026-06-12,2026-06-12
21539397,https://www.immoweb.be/en/classified/21539397,House for sale in GENT,299000,Hulstboomstraat 28,9000,GENT,house,house,for-sale,124,68,,,,,4,1,D,396,1875,TO_RENOVATE,GAS,,,False,False,NON_FLOOD_ZONE,561,CENTURY 21 Partners Gent,2026-06-12,2026-06-12
21538931,https://www.immoweb.be/en/classified/21538931,House for sale in Gent,360000,Bevrijdingslaan 137,9000,Gent,house,house,for-sale,172,80,,,True,20,2,1,F,947,,TO_BE_DONE_UP,ELECTRIC,1,,,False,NON_FLOOD_ZONE,1254,Immo T bvba,2026-06-12,2026-06-12
21538304,https://www.immoweb.be/en/classified/21538304,House for sale in Gent,320000,Dendermondsesteenweg 202,9040,Gent,house,house,for-sale,130,65,True,30,,,3,1,B,141,1990,GOOD,,,,False,True,NON_FLOOD_ZONE,,TREVI Gent,2026-06-12,2026-06-12
21537634,https://www.immoweb.be/en/classified/21537634,House for sale in Gent,398000,Overzet 6,9000,Gent,house,house,for-sale,255,95,,,True,,4,2,B,188,0,GOOD,GAS,,,False,,NON_FLOOD_ZONE,473,Vastgoed Sinnaeve,2026-06-12,2026-06-12
21537135,https://www.immoweb.be/en/classified/21537135,Villa for sale in Drongen,925000,Moerstraat 37,9031,Drongen,house,villa,for-sale,500,9331,True,9331,,,3,2,,,,,,20,,False,,NON_FLOOD_ZONE,,I-MOOV,2026-06-12,2026-06-12
21537122,https://www.immoweb.be/en/classified/21537122,House for sale in GENT,345000,Jacob van Maerlantstraat 41,9000,GENT,house,house,for-sale,143,0,,,,,3,1,C,271,,,GAS,,,False,False,NON_FLOOD_ZONE,,Pattymo,2026-06-12,2026-06-12
21536872,https://www.immoweb.be/en/classified/21536872,Mansion for sale in Gent,1395000,Citadellaan 60,9000,Gent,house,mansion,for-sale,434,223,True,87,,,5,5,B,,,,GAS,,,False,,NON_FLOOD_ZONE,,PRIVATE,2026-06-12,2026-06-12
21483656,https://www.immoweb.be/en/classified/21483656,Mixed_use_building for sale in Gent,499000,Vlaamsekaai 121,9000,Gent,house,mixed_use_building,for-sale,132,92,,,,,3,3,D,315,,GOOD,ELECTRIC,,,,False,NON_FLOOD_ZONE,1068,Immo T bvba,2026-06-12,2026-06-12
21483745,https://www.immoweb.be/en/classified/21483745,House for sale in Gent,499000,Vlaamsekaai 121,9000,Gent,house,house,for-sale,132,92,,,,,3,3,D,315,,GOOD,ELECTRIC,,,,False,NON_FLOOD_ZONE,1068,Immo T bvba,2026-06-12,2026-06-12
21483668,https://www.immoweb.be/en/classified/21483668,Apartment_block for sale in Gent,499000,Vlaamsekaai 121,9000,Gent,house,apartment_block,for-sale,132,92,,,,,3,3,D,315,,GOOD,ELECTRIC,,,,False,NON_FLOOD_ZONE,1068,Immo T bvba,2026-06-12,2026-06-12
21535616,https://www.immoweb.be/en/classified/21535616,Villa for sale in Gent,1085000,Koraalwortelstraat 9,9041,Gent,house,villa,for-sale,249,1340,,,True,70,4,1,A,50,2007,AS_NEW,GAS,2,4,False,,NON_FLOOD_ZONE,1859,De Beer & Partners,2026-06-12,2026-06-12
21535103,https://www.immoweb.be/en/classified/21535103,House for sale in Gent,390000,Hamerstraat 42,9000,Gent,house,house,for-sale,120,60,,,,,3,2,B,174,,GOOD,GAS,,,,,NON_FLOOD_ZONE,,Immo Nobels,2026-06-12,2026-06-12
21534608,https://www.immoweb.be/en/classified/21534608,Apartment_block for sale in Gent,749000,Rooigemlaan 151-153,9000,Gent,house,apartment_block,for-sale,223,223,,,,,0,0,,,,,,,,False,False,NON_FLOOD_ZONE,1,ERA INVEST,2026-06-12,2026-06-12
21534446,https://www.immoweb.be/en/classified/21534446,House for sale in Gent,345000,Adolf Baeyensstraat 30 32,9040,Gent,house,house,for-sale,,148,True,64,,,3,2,C,217,,,,,,False,,NON_FLOOD_ZONE,718,Agence Rosseel,2026-06-12,2026-06-12
21534445,https://www.immoweb.be/en/classified/21534445,Apartment_block for sale in Gent,345000,Adolf Baeyensstraat 30 32,9040,Gent,house,apartment_block,for-sale,,148,True,64,,,3,2,C,217,,,,,,False,,NON_FLOOD_ZONE,718,Agence Rosseel,2026-06-12,2026-06-12
21534222,https://www.immoweb.be/en/classified/21534222,Mixed_use_building for sale in GENT,335000,Zuidstationstraat 8,9000,GENT,house,mixed_use_building,for-sale,144,180,,,True,17,0,,C,,1900,GOOD,GAS,,,False,False,NON_FLOOD_ZONE,1153,de Fooz,2026-06-12,2026-06-12
21533567,https://www.immoweb.be/en/classified/21533567,House for sale in Gent,299000,Rietstraat 13,9000,Gent,house,house,for-sale,106,51,,,,,3,1,D,363,1905,TO_BE_DONE_UP,GAS,,,False,,NON_FLOOD_ZONE,517,PRIVATE,2026-06-12,2026-06-12
21533483,https://www.immoweb.be/en/classified/21533483,House for sale in Gent,259000,Lobeliastraat 9,9000,Gent,house,house,for-sale,50,51,,,True,8,4,1,D,327,1900,TO_BE_DONE_UP,,,,False,,POSSIBLE_FLOOD_ZONE,485,PRIVATE,2026-06-12,2026-06-12
21532644,https://www.immoweb.be/en/classified/21532644,House for sale in Gent,359000,Lindekouterstraat 36,9030,Gent,house,house,for-sale,,316,True,1,True,1,2,1,E,,,,GAS,1,1,False,,NON_FLOOD_ZONE,,PRIVATE,2026-06-12,2026-06-12
21531740,https://www.immoweb.be/en/classified/21531740,House for sale in Drongen,850000,Goubaulaan 26,9031,Drongen,house,house,for-sale,222,24060,,,,,5,1,F,637,1969,TO_RENOVATE,FUELOIL,,,False,,POSSIBLE_FLOOD_ZONE,,WIJSvastgoed – Groep De Meyer,2026-06-12,2026-06-12
21529886,https://www.immoweb.be/en/classified/21529886,House for sale in Gent,575000,Winkelwarande 65,9042,Gent,house,house,for-sale,209,795,True,663,True,20,4,2,A,78,2018,GOOD,GAS,1,4,False,False,NON_FLOOD_ZONE,,Altro Vastgoed Gent,2026-06-12,2026-06-12
21529575,https://www.immoweb.be/en/classified/21529575,House for sale in Gent,989000,Raketstraat 1,9000,Gent,house,house,for-sale,260,275,,,True,,4,3,A,43,1935,GOOD,,,,,,NON_FLOOD_ZONE,,Carlo Eggermont,2026-06-12,2026-06-12
21529544,https://www.immoweb.be/en/classified/21529544,House for sale in Gent,785000,Lucas Munichstraat 33 33,9000,Gent,house,house,for-sale,180,0,True,35,True,12,4,2,A,,2026,AS_NEW,,,,False,,NON_FLOOD_ZONE,,Found & Baker Oost-Vlaanderen,2026-06-12,2026-06-12
21527510,https://www.immoweb.be/en/classified/21527510,House for sale in Wondelgem,349000,Spoorwegstraat 40,9032,Wondelgem,house,house,for-sale,164,366,True,312,True,,3,2,A,30,,,,,,,,,3,TOP Vastgoed,2026-06-12,2026-06-12
21527047,https://www.immoweb.be/en/classified/21527047,House for sale in Ledeberg,295000,Jozef Vervaenestraat 76,9050,Ledeberg,house,house,for-sale,173,136,,,True,,5,1,C,275,1900,,GAS,,,,,,594,HULSBOSCH & RIJCKBOSCH & HULSBOSCH,2026-06-12,2026-06-12
21526182,https://www.immoweb.be/en/classified/21526182,House for sale in Sint-Amandsberg,315000,Lijnmolenstraat 142,9040,Sint-Amandsberg,house,house,for-sale,,0,,,,,5,,F,763,,,,,,,,NON_FLOOD_ZONE,723,NOTAS,2026-06-12,2026-06-12
21525971,https://www.immoweb.be/en/classified/21525971,House for sale in Gent,560000,Molzelebilk 17,9041,Gent,house,house,for-sale,224,638,,,True,,3,1,B,176,1997,AS_NEW,,,,False,,NON_FLOOD_ZONE,1598,I-MOOV,2026-06-12,2026-06-12
21525920,https://www.immoweb.be/en/classified/21525920,House for sale in Gent,479000,Groendreef 197,9000,Gent,house,house,for-sale,163,100,True,22,,,3,1,A,70,1940,AS_NEW,GAS,,,False,False,POSSIBLE_FLOOD_ZONE,,VICUS,2026-06-12,2026-06-12
21524876,https://www.immoweb.be/en/classified/21524876,House for sale in Gent,85000,Frans van Ryhovelaan 137,9000,Gent,house,house,for-sale,91,52,,,,,4,,F,941,,TO_RENOVATE,,,,,,,290,"Bernard VANDERPLAETSEN & Erika REDEL,  notarissen",2026-06-12,2026-06-12
21524449,https://www.immoweb.be/en/classified/21524449,House for sale in Gent,1045000,Martelaarslaan 3,9000,Gent,house,house,for-sale,302,121,,,,,9,3,B,154,1933,GOOD,GAS,,,False,,NON_FLOOD_ZONE,1179,Makelaarshuys,2026-06-12,2026-06-12
21481275,https://www.immoweb.be/en/classified/21481275,House for sale in Gent,450000,Rooigemlaan 483,9000,Gent,house,house,for-sale,261,99,,,True,,5,6,C,246,,TO_BE_DONE_UP,GAS,,,,False,NON_FLOOD_ZONE,,Waardevol Vastgoed,2026-06-12,2026-06-12
21522936,https://www.immoweb.be/en/classified/21522936,House for sale in Gent,185000,Kartuizerlaan 87,9000,Gent,house,house,for-sale,46,20,,,,,1,1,D,318,,,,,,False,,NON_FLOOD_ZONE,210,Makelaarshuys,2026-06-12,2026-06-12
21522865,https://www.immoweb.be/en/classified/21522865,Villa for sale in Gent,540000,Oudekouter 27,9050,Gent,house,villa,for-sale,150,472,True,300,True,20,3,1,C,256,1990,,GAS,1,1,False,,NON_FLOOD_ZONE,,PRIVATE,2026-06-12,2026-06-12
21522593,https://www.immoweb.be/en/classified/21522593,House for sale in Gent,460000,Voskenslaan 296,9000,Gent,house,house,for-sale,220,71,,,,,2,1,,,,TO_RENOVATE,,,,,False,NON_FLOOD_ZONE,,Immo Yves,2026-06-12,2026-06-12
21522487,https://www.immoweb.be/en/classified/21522487,House for sale in GENT,1050000,Gewad 26,9000,GENT,house,house,for-sale,181,85,,,True,25,3,1,B,139,,JUST_RENOVATED,GAS,,,False,False,NON_FLOOD_ZONE,659,Axel Lenaerts Makelaars Destelbergen,2026-06-12,2026-06-12
21521618,https://www.immoweb.be/en/classified/21521618,House for sale in GENT,1085000,Kortrijksesteenweg 1013,9000,GENT,house,house,for-sale,512,1049,True,600,,,6,1,F,547,1933,TO_RESTORE,GAS,,,False,False,NON_FLOOD_ZONE,2724,de Fooz,2026-06-12,2026-06-12
21518169,https://www.immoweb.be/en/classified/21518169,House for sale in Gent,575000,Nadine Crappéstraat 39,9000,Gent,house,house,for-sale,173,150,True,85,True,22,4,3,B,114,2012,GOOD,GAS,,,False,False,,,TREVI Gent,2026-06-12,2026-06-12
21517851,https://www.immoweb.be/en/classified/21517851,House for sale in Drongen,510000,Deinsesteenweg 16,9031,Drongen,house,house,for-sale,184,0,,,True,,4,1,A,,2025,,,,1,,,NON_FLOOD_ZONE,,Center office,2026-06-12,2026-06-12
21517448,https://www.immoweb.be/en/classified/21517448,House for sale in Gent,495000,Spijkstraat 47,9000,Gent,house,house,for-sale,173,104,True,20,True,20,4,2,B,145,1874,GOOD,GAS,,,False,False,NON_FLOOD_ZONE,823,Smart Houses BVBA,2026-06-12,2026-06-12
21517446,https://www.immoweb.be/en/classified/21517446,Apartment_block for sale in Gent,495000,Spijkstraat 47,9000,Gent,house,apartment_block,for-sale,173,104,True,20,True,20,4,2,B,145,1874,GOOD,GAS,,,False,False,NON_FLOOD_ZONE,823,Smart Houses BVBA,2026-06-12,2026-06-12
21517001,https://www.immoweb.be/en/classified/21517001,House for sale in Zwijnaarde,495000,Heerweg-Zuid 193,9052,Zwijnaarde,house,house,for-sale,180,0,True,79,True,17,4,2,,,2026,GOOD,,,,,False,NON_FLOOD_ZONE,,LANDBERGH,2026-06-12,2026-06-12
21515776,https://www.immoweb.be/en/classified/21515776,Mixed_use_building for sale in Gent,585000,Frederik Burvenichstraat 151,9050,Gent,house,mixed_use_building,for-sale,293,227,,,True,1,3,1,D,323,1955,,GAS,1,2,False,,NON_FLOOD_ZONE,1415,Vandersmissen Vastgoed,2026-06-12,2026-06-12
21515632,https://www.immoweb.be/en/classified/21515632,House for sale in Gent,470000,Ossenstraat 60,9000,Gent,house,house,for-sale,188,55,,,,,4,1,D,354,,,,,,,False,NON_FLOOD_ZONE,354,Engel & Völkers Gent en omgeving,2026-06-12,2026-06-12
21515097,https://www.immoweb.be/en/classified/21515097,House_group for sale in Wondelgem,,Gertrude Elionpad 1,9032,Wondelgem,house_group,house_group,for-sale,,,,,,,,,,,,,,,,,,NON_FLOOD_ZONE,,Vastgoed De Vos Evergem,2026-06-12,2026-06-12
21514911,https://www.immoweb.be/en/classified/21514911,House for sale in Sint-Denijs-Westrem,595000,Nieuwstraat 11,9051,Sint-Denijs-Westrem,house,house,for-sale,171,200,,,True,,3,1,B,189,1918,GOOD,,,,,,NON_FLOOD_ZONE,332,Crevits,2026-06-12,2026-06-12
21514006,https://www.immoweb.be/en/classified/21514006,House for sale in Gentbrugge,598000,Langestraat 62-64,9050,Gentbrugge,house,house,for-sale,296,136,,,,,5,2,D,310,1956,,,,,,,NON_FLOOD_ZONE,2071,oko vastgoed,2026-06-12,2026-06-12
21513680,https://www.immoweb.be/en/classified/21513680,House for sale in Gent,350000,Kogelstraat 51,9000,Gent,house,house,for-sale,170,102,True,15,True,15,3,1,C,300,,GOOD,GAS,1,,,,,483,Immo Lierman,2026-06-12,2026-06-12
21512586,https://www.immoweb.be/en/classified/21512586,House for sale in Gent,509000,Bruilofstraat 42,9050,Gent,house,house,for-sale,138,170,,,True,15,3,1,,,0,GOOD,,,,False,,NON_FLOOD_ZONE,,Agence Rosseel,2026-06-12,2026-06-12
21509425,https://www.immoweb.be/en/classified/21509425,House for sale in Gent,630000,Iepensteeg 1,9000,Gent,house,house,for-sale,,122,,,,,0,4,D,325,,TO_BE_DONE_UP,,,,,,NON_FLOOD_ZONE,,Oranjeberg,2026-06-12,2026-06-12
21508277,https://www.immoweb.be/en/classified/21508277,House for sale in Gent,212000,Magnoliastraat 5,9000,Gent,house,house,for-sale,85,29,,,,,3,1,F,586,1899,,,,,,,NON_FLOOD_ZONE,220,oko vastgoed,2026-06-12,2026-06-12
21399129,https://www.immoweb.be/en/classified/21399129,House for sale in Gent,279500,Rooigemlaan 592,9000,Gent,house,house,for-sale,177,58,,,,,2,2,B,189,1918,TO_RENOVATE,GAS,,,,False,NON_FLOOD_ZONE,884,oko vastgoed,2026-06-12,2026-06-12
21417108,https://www.immoweb.be/en/classified/21417108,House for sale in Gent,260000,Noordstraat 29,9000,Gent,house,house,for-sale,230,56,,,,,4,1,D,385,1899,TO_RENOVATE,GAS,,,,False,NON_FLOOD_ZONE,1269,oko vastgoed,2026-06-12,2026-06-12
21505176,https://www.immoweb.be/en/classified/21505176,House for sale in Gent,155000,Halvemaanstraat 77,9040,Gent,house,house,for-sale,70,44,,,,,2,1,E,487,0,TO_RENOVATE,GAS,,,False,,NON_FLOOD_ZONE,,Solvas Zomergem,2026-06-12,2026-06-12
21466607,https://www.immoweb.be/en/classified/21466607,House for sale in Gent,299000,Gebroeders De Smetstraat 120,9000,Gent,house,house,for-sale,108,61,,,,,4,0,C,289,1920,GOOD,,,,,,,,Immostad,2026-06-12,2026-06-12
21301733,https://www.immoweb.be/en/classified/21301733,House for sale in Ledeberg,365000,Hoveniersstraat 16 9050 Le...,9050,Ledeberg,house,house,for-sale,146,0,,,,,4,1,C,257,,,GAS,,,,False,NON_FLOOD_ZONE,,Vastgoed DW,2026-06-12,2026-06-12
21503855,https://www.immoweb.be/en/classified/21503855,House for sale in Gent,535000,Adolf Baeyensstraat 20,9040,Gent,house,house,for-sale,167,130,True,25,True,16,4,1,B,150,1910,AS_NEW,GAS,,,False,,NON_FLOOD_ZONE,404,PRIVATE,2026-06-12,2026-06-12
21502883,https://www.immoweb.be/en/classified/21502883,House for sale in Gent,595000,Bouwmeestersstraat 71,9000,Gent,house,house,for-sale,286,101,,,True,,4,1,C,257,1918,GOOD,GAS,,,False,,NON_FLOOD_ZONE,1254,Brutin Vastgoed,2026-06-12,2026-06-12
21502819,https://www.immoweb.be/en/classified/21502819,House for sale in Gent,595000,Bouwmeestersstraat 71,9040,Gent,house,house,for-sale,286,101,,,True,,4,1,C,257,1918,GOOD,GAS,,,False,,NON_FLOOD_ZONE,1254,Brutin Vastgoed,2026-06-12,2026-06-12
21500111,https://www.immoweb.be/en/classified/21500111,House for sale in Gent,375000,Proeftuinstraat 42,9000,Gent,house,house,for-sale,177,0,,,True,,0,0,E,426,,,,,,False,,NON_FLOOD_ZONE,971,Makelaarshuys,2026-06-12,2026-06-12
21469182,https://www.immoweb.be/en/classified/21469182,House for sale in Gent,575000,Palinghuizen 65,9000,Gent,house,house,for-sale,118,118,,,,,3,2,F,777,,GOOD,,,,,,,,Immostad,2026-06-12,2026-06-12
21499970,https://www.immoweb.be/en/classified/21499970,Mixed_use_building for sale in Mariakerke,425000,Alphonse Claeys-Bouüaertlaan 3,9030,Mariakerke,house,mixed_use_building,for-sale,181,200,,,True,,3,2,C,206,1934,GOOD,,,,,False,NON_FLOOD_ZONE,,Concept-Home,2026-06-12,2026-06-12
21499809,https://www.immoweb.be/en/classified/21499809,House for sale in Wondelgem,349000,Molenstraat 123,9032,Wondelgem,house,house,for-sale,275,418,True,235,,,3,1,F,765,1954,GOOD,GAS,,,False,False,NON_FLOOD_ZONE,880,Dewaele-bedrijfsvastgoed Gent,2026-06-12,2026-06-12
21499325,https://www.immoweb.be/en/classified/21499325,Villa for sale in Gent,885000,De Pintelaan 292,9000,Gent,house,villa,for-sale,213,1541,,,,,4,1,F,582,1958,TO_RENOVATE,,1,,,,NON_FLOOD_ZONE,1888,Convas,2026-06-12,2026-06-12
21499319,https://www.immoweb.be/en/classified/21499319,House for sale in Zwijnaarde,325000,Cyrille van de Veegaetestraat 13,9052,Zwijnaarde,house,house,for-sale,148,160,,,,,2,1,E,448,0,AS_NEW,GAS,,,False,,NON_FLOOD_ZONE,354,VDS Vastgoed,2026-06-12,2026-06-12
21498191,https://www.immoweb.be/en/classified/21498191,Town_house for sale in Gent,375000,Muilaardstraat 80,9000,Gent,house,town_house,for-sale,,218,True,1,True,1,3,1,D,394,,TO_RENOVATE,GAS,,,False,,,728,Vastgoedburo DC,2026-06-12,2026-06-12
21497705,https://www.immoweb.be/en/classified/21497705,House for sale in Gent,249000,Haanstraat 8,9000,Gent,house,house,for-sale,,0,,,,,0,,C,299,,,GAS,,,False,,NON_FLOOD_ZONE,,Immob,2026-06-12,2026-06-12
21497391,https://www.immoweb.be/en/classified/21497391,House for sale in Gent,554000,Bruilofstraat 42,9050,Gent,house,house,for-sale,159,169,,,True,10,3,2,,,0,GOOD,,,,False,,NON_FLOOD_ZONE,,Agence Rosseel,2026-06-12,2026-06-12
21497390,https://www.immoweb.be/en/classified/21497390,House for sale in Gent,566000,Bruilofstraat 42,9050,Gent,house,house,for-sale,165,159,,,True,14,3,2,,,0,GOOD,,,,False,,NON_FLOOD_ZONE,,Agence Rosseel,2026-06-12,2026-06-12
21497231,https://www.immoweb.be/en/classified/21497231,Other_property for sale in Gent,130000,Peter Benoitlaan 172,9050,Gent,house,other_property,for-sale,200,1368,True,1168,,,0,,F,,,TO_RENOVATE,,,,False,,NON_FLOOD_ZONE,1814,NMBS/SNCB Stations,2026-06-12,2026-06-12
21488654,https://www.immoweb.be/en/classified/21488654,Mansion for sale in Gent,345000,Geraard Mercatorstraat 46,9000,Gent,house,mansion,for-sale,150,35,,,,,4,2,C,215,1900,,GAS,,,,False,NON_FLOOD_ZONE,285,Immo Nobels,2026-06-12,2026-06-12
21495023,https://www.immoweb.be/en/classified/21495023,House for sale in Oostakker,389000,Lourdesstraat 39,9041,Oostakker,house,house,for-sale,210,228,,,True,,4,2,C,258,1932,TO_RENOVATE,FUELOIL,1,,,,NON_FLOOD_ZONE,761,Lo-Immo bvba,2026-06-12,2026-06-12
21494824,https://www.immoweb.be/en/classified/21494824,House for sale in Sint-Amandsberg,140000,Dendermondsesteenweg 290,9040,Sint-Amandsberg,house,house,for-sale,128,72,,,,,4,1,F,973,,TO_RENOVATE,,,,,,NON_FLOOD_ZONE,299,"Lemey, Van Haverbeke & Brysse",2026-06-12,2026-06-12
21494680,https://www.immoweb.be/en/classified/21494680,House for sale in Gent,299000,Biekorfstraat 22,9000,Gent,house,house,for-sale,135,65,,,,,4,1,C,262,1899,TO_BE_DONE_UP,GAS,,,,False,,,TOP Vastgoed,2026-06-12,2026-06-12
21493995,https://www.immoweb.be/en/classified/21493995,House for sale in Gent,285000,Biezenstuk 145,9000,Gent,house,house,for-sale,74,0,,,,,3,1,D,364,1930,GOOD,GAS,,,False,,NON_FLOOD_ZONE,,Immob,2026-06-12,2026-06-12
21493706,https://www.immoweb.be/en/classified/21493706,House for sale in Gent,669000,Vierhekkensstraat 11,9031,Gent,house,house,for-sale,165,440,True,105,True,20,3,2,A+,30,,JUST_RENOVATED,,2,,False,,NON_FLOOD_ZONE,1165,G.V. Look Invest Bvba,2026-06-12,2026-06-12
21493343,https://www.immoweb.be/en/classified/21493343,House for sale in Gent,440000,Desteldonkstraat 10,9042,Gent,house,house,for-sale,188,372,True,174,,,4,1,,,2026,,,,,False,,,,ERA PROJECTS,2026-06-12,2026-06-12
21493322,https://www.immoweb.be/en/classified/21493322,House for sale in Gent,485000,Desteldonkstraat 10,9042,Gent,house,house,for-sale,198,833,True,630,,,4,1,,,2026,,GAS,,,False,,,,ERA PROJECTS,2026-06-12,2026-06-12
21491800,https://www.immoweb.be/en/classified/21491800,House for sale in Gent,379000,Schaliestraat 38,9000,Gent,house,house,for-sale,158,80,True,20,,,4,1,B,163,,AS_NEW,GAS,,,False,,NON_FLOOD_ZONE,666,PRIVATE,2026-06-12,2026-06-12
21490213,https://www.immoweb.be/en/classified/21490213,House for sale in Gent,329000,Lieremanstraat 44,9000,Gent,house,house,for-sale,199,53,,,,,4,2,F,688,1899,TO_BE_DONE_UP,,,,,,,,Center office,2026-06-12,2026-06-12
21489920,https://www.immoweb.be/en/classified/21489920,House for sale in Gent,229000,Justus De Harduwijnlaan 20,9000,Gent,house,house,for-sale,130,51,,,,,4,1,F,628,1874,TO_RENOVATE,GAS,,,False,,NON_FLOOD_ZONE,,PRIVATE,2026-06-12,2026-06-12
21489206,https://www.immoweb.be/en/classified/21489206,House for sale in Wondelgem,475000,Westergemstraat 98,9032,Wondelgem,house,house,for-sale,160,108,,,True,,4,1,A,19,2023,GOOD,,,,,,NON_FLOOD_ZONE,904,Cosy Home,2026-06-12,2026-06-12
21488510,https://www.immoweb.be/en/classified/21488510,Villa for sale in Mariakerke,370000,Breebroekhof 2,9030,Mariakerke,house,villa,for-sale,,687,,,True,,2,1,F,552,1991,GOOD,,2,,,,,1809,"BOSTOEN, Virginie",2026-06-12,2026-06-12
21487633,https://www.immoweb.be/en/classified/21487633,House for sale in Gentbrugge,545000,Leo Tertzweillaan 33,9050,Gentbrugge,house,house,for-sale,147,116,,,,,3,1,B,,,JUST_RENOVATED,,,,,,NON_FLOOD_ZONE,,De Vastgoedlink,2026-06-12,2026-06-12
21486853,https://www.immoweb.be/en/classified/21486853,House for sale in SINT-AMANDSBERG,399000,wittemolenstraat 158,9040,SINT-AMANDSBERG,house,house,for-sale,159,90,,,True,23,5,,B,125,1918,GOOD,GAS,,,False,False,,,CANNOODT,2026-06-12,2026-06-12
21486085,https://www.immoweb.be/en/classified/21486085,House for sale in Gent,725000,Voetweg 43,9000,Gent,house,house,for-sale,90,60,,,,,3,3,C,206,1887,JUST_RENOVATED,GAS,,,False,,NON_FLOOD_ZONE,505,De Vastgoedadviseur,2026-06-12,2026-06-12
21486072,https://www.immoweb.be/en/classified/21486072,House for sale in Gent,375000,Sint-Amandstraat 11,9000,Gent,house,house,for-sale,187,114,,,True,6,2,1,D,373,,TO_RENOVATE,GAS,,,,,NON_FLOOD_ZONE,835,Immo Francois Gent,2026-06-12,2026-06-12
21484506,https://www.immoweb.be/en/classified/21484506,House for sale in Oostakker,429000,Eekhoutdriesstraat 90,9041,Oostakker,house,house,for-sale,186,227,,,True,,3,1,B,155,1955,GOOD,GAS,1,2,False,,NON_FLOOD_ZONE,828,Vastgoedkantoor IMMO-HOME,2026-06-12,2026-06-12
21484195,https://www.immoweb.be/en/classified/21484195,House for sale in Gent,300000,Serafien van Cauwenbergelaan 13,9032,Gent,house,house,for-sale,114,85,,,True,,3,1,B,191,,GOOD,GAS,,,False,False,NON_FLOOD_ZONE,,TREVI Gent,2026-06-12,2026-06-12
21484013,https://www.immoweb.be/en/classified/21484013,Mansion for sale in Gent,565000,Kortrijksesteenweg 721,9000,Gent,house,mansion,for-sale,242,181,,,True,,4,1,F,522,,TO_RENOVATE,,,,,,NON_FLOOD_ZONE,1162,Convas,2026-06-12,2026-06-12
21483876,https://www.immoweb.be/en/classified/21483876,Apartment_block for sale in Gent Mariakerke,435000,Brugsevaart 133/134,9030,Gent Mariakerke,house,apartment_block,for-sale,226,482,True,364,,,0,2,B,171,1966,TO_BE_DONE_UP,GAS,,3,False,False,NON_FLOOD_ZONE,1452,Kupa Immo,2026-06-12,2026-06-12
21483388,https://www.immoweb.be/en/classified/21483388,House for sale in Gent,325000,DUKKELDAMSTRAAT 32,9000,Gent,house,house,for-sale,125,93,,,True,10,4,1,C,276,,JUST_RENOVATED,GAS,,1,False,,NON_FLOOD_ZONE,413,CASAVISTA VASTGOEDKANTOOR,2026-06-12,2026-06-12
21482311,https://www.immoweb.be/en/classified/21482311,Mixed_use_building for sale in Gent,409000,Dendermondsesteenweg 33,9000,Gent,house,mixed_use_building,for-sale,188,93,,,,,2,1,D,,,GOOD,,,,False,,NON_FLOOD_ZONE,,Cornelis Goeman Merelbeke,2026-06-12,2026-06-12
21481676,https://www.immoweb.be/en/classified/21481676,House for sale in Gent,465000,Drongensesteenweg 180,9000,Gent,house,house,for-sale,193,203,True,120,,,6,1,B,190,1955,GOOD,,1,,,,NON_FLOOD_ZONE,644,Convas,2026-06-12,2026-06-12
21481250,https://www.immoweb.be/en/classified/21481250,House for sale in Gent,1075000,Rooigemlaan 577,9000,Gent,house,house,for-sale,205,112,,,,,5,5,A,88,,AS_NEW,,,,,,NON_FLOOD_ZONE,,Sigl Vastgoed,2026-06-12,2026-06-12
21479262,https://www.immoweb.be/en/classified/21479262,House for sale in Gent,395000,Morekstraat 58,9000,Gent,house,house,for-sale,145,63,,,,,3,2,,,,,,,,,,,,Center office,2026-06-12,2026-06-12
21477546,https://www.immoweb.be/en/classified/21477546,Mixed_use_building for sale in Gent,1295000,Laurent Delvauxstraat 1 A,9000,Gent,house,mixed_use_building,for-sale,430,103,,,True,2,4,2,C,255,1988,AS_NEW,GAS,,,False,,NON_FLOOD_ZONE,3570,IRRES,2026-06-12,2026-06-12
21475752,https://www.immoweb.be/en/classified/21475752,House for sale in Gent,445000,Sint-Kruis-Winkeldorp 69,9042,Gent,house,house,for-sale,457,310,,,True,40,3,1,D,319,,GOOD,GAS,,,,,,,Cornelis Goeman Merelbeke,2026-06-12,2026-06-12
21475751,https://www.immoweb.be/en/classified/21475751,House for sale in Gent,390000,Sint-Kruis-Winkeldorp 69,9000,Gent,house,house,for-sale,457,310,,,True,40,3,1,D,319,,GOOD,GAS,,,,,,,Cornelis Goeman Merelbeke,2026-06-12,2026-06-12
21475043,https://www.immoweb.be/en/classified/21475043,House for sale in Gent,445000,Sint-Kruis-Winkeldorp 69,9042,Gent,house,house,for-sale,457,310,,,True,40,3,1,D,319,,GOOD,GAS,,,,,,,Cornelis Goeman Merelbeke,2026-06-12,2026-06-12
21475044,https://www.immoweb.be/en/classified/21475044,House for sale in Gent,445000,Sint-Kruis-Winkeldorp 69,9042,Gent,house,house,for-sale,457,310,,,True,40,3,1,D,319,,GOOD,GAS,,,,,,,Cornelis Goeman Merelbeke,2026-06-12,2026-06-12
21474478,https://www.immoweb.be/en/classified/21474478,House for sale in GENT,310000,Jacob van Maerlantstraat 24,9000,GENT,house,house,for-sale,110,49,,,True,7,3,1,C,287,,JUST_RENOVATED,GAS,,,False,False,NON_FLOOD_ZONE,235,Pattymo,2026-06-12,2026-06-12
21317849,https://www.immoweb.be/en/classified/21317849,Apartment_block for sale in Gent,249000,Drietorekensstraat 32,9000,Gent,house,apartment_block,for-sale,120,43,True,10,,,3,2,F,705,,,,,,False,,NON_FLOOD_ZONE,302,PRIVATE,2026-06-12,2026-06-12
21470062,https://www.immoweb.be/en/classified/21470062,House for sale in WONDELGEM,449000,Spoorwegstraat 56,9032,WONDELGEM,house,house,for-sale,120,65,,,,,4,2,C,221,1939,JUST_RENOVATED,GAS,,,False,False,NON_FLOOD_ZONE,404,CENTURY 21 Partners Gent,2026-06-12,2026-06-12
21470014,https://www.immoweb.be/en/classified/21470014,Mansion for sale in Gent,599000,Godshuishammeke 12,9000,Gent,house,mansion,for-sale,255,101,,,True,,6,2,E,414,,GOOD,GAS,1,,False,,NON_FLOOD_ZONE,,Cornelis Goeman Merelbeke,2026-06-12,2026-06-12
21469594,https://www.immoweb.be/en/classified/21469594,House for sale in Gent,229000,Stierstraat 22,9000,Gent,house,house,for-sale,44,81,,,,,1,1,F,557,1874,TO_BE_DONE_UP,,,,,False,NON_FLOOD_ZONE,257,OC vastgoed,2026-06-12,2026-06-12
21469284,https://www.immoweb.be/en/classified/21469284,House for sale in Zwijnaarde,415000,Nieuwescheldestraat 15,9052,Zwijnaarde,house,house,for-sale,188,147,,,True,,2,1,B,106,2017,GOOD,GAS,,,False,False,NON_FLOOD_ZONE,934,Dewaele Latem,2026-06-12,2026-06-12
21468834,https://www.immoweb.be/en/classified/21468834,House for sale in Gent,389000,Nieuwevaart 218,9000,Gent,house,house,for-sale,170,60,,,,,5,2,C,269,,JUST_RENOVATED,GAS,,,False,,NON_FLOOD_ZONE,,PRIVATE,2026-06-12,2026-06-12
21464454,https://www.immoweb.be/en/classified/21464454,House for sale in Gent,650000,Bevrijdingslaan 150,9000,Gent,house,house,for-sale,380,168,,,,,6,4,D,370,1918,TO_BE_DONE_UP,GAS,,,False,,NON_FLOOD_ZONE,1859,Roman Vastgoed,2026-06-12,2026-06-12
21464444,https://www.immoweb.be/en/classified/21464444,Mansion for sale in Gent,695000,Hubert Frère-Orbanlaan 48,9000,Gent,house,mansion,for-sale,243,93,,,True,9,5,1,C,,1850,TO_RENOVATE,GAS,,,False,,NON_FLOOD_ZONE,1093,Makelaarshuys,2026-06-12,2026-06-12
21464063,https://www.immoweb.be/en/classified/21464063,House for sale in Wondelgem,299000,Winkelstraat 100,9032,Wondelgem,house,house,for-sale,76,55,,,,,2,1,C,241,1936,GOOD,GAS,,,,,NON_FLOOD_ZONE,,TOP Vastgoed,2026-06-12,2026-06-12
21462997,https://www.immoweb.be/en/classified/21462997,House for sale in Gent,360000,Pijndersstraat 6,9000,Gent,house,house,for-sale,111,47,,,,,3,1,C,267,1874,GOOD,,,,False,False,,277,Cornelis Goeman Merelbeke,2026-06-12,2026-06-12
21292305,https://www.immoweb.be/en/classified/21292305,House for sale in Gentbrugge,449000,Antoon van Dyckstraat 34,9050,Gentbrugge,house,house,for-sale,198,190,,,True,,4,1,F,907,1900,,,1,,,False,,575,Oximo,2026-06-12,2026-06-12
21458413,https://www.immoweb.be/en/classified/21458413,Apartment_block for sale in Gent,1200000,Karel Van Hulthemstraat 86,9000,Gent,house,apartment_block,for-sale,,86,,,,,9,9,,,,GOOD,ELECTRIC,,,,,,1974,"Notaris Bernard Desmet, notarisvennootschap",2026-06-12,2026-06-12
21458155,https://www.immoweb.be/en/classified/21458155,House_group for sale in Gent Oostakker,,Waterstraat,9041,Gent Oostakker,house_group,house_group,for-sale,,,,,,,,,,,,,,,,,,POSSIBLE_FLOOD_ZONE,,Hyboma,2026-06-12,2026-06-12
21453964,https://www.immoweb.be/en/classified/21453964,House for sale in Gent,480000,Spitaalpoortstraat 24,9000,Gent,house,house,for-sale,288,140,,,True,20,6,2,C,207,1874,TO_RENOVATE,,,,False,True,NON_FLOOD_ZONE,463,Woonhoek Vastgoed,2026-06-12,2026-06-12
21453133,https://www.immoweb.be/en/classified/21453133,Town_house for sale in Gent,330000,Beekstraat 140,9031,Gent,house,town_house,for-sale,100,0,,,,,3,1,C,,1977,AS_NEW,,,1,False,,NON_FLOOD_ZONE,,Flame Estate,2026-06-12,2026-06-12
21449528,https://www.immoweb.be/en/classified/21449528,House_group for sale in Drongen,,Mariakerksesteenweg 102,9031,Drongen,house_group,house_group,for-sale,,,,,,,,,A,,,,,,,,,,,Bostoen,2026-06-12,2026-06-12
21449510,https://www.immoweb.be/en/classified/21449510,House for sale in Drongen,610000,Mariakerksesteenweg 102,9031,Drongen,house,house,for-sale,191,371,,,True,,3,2,A,,,,,1,,,,,,Bostoen,2026-06-12,2026-06-12
21449509,https://www.immoweb.be/en/classified/21449509,House for sale in Drongen,615000,Mariakerksesteenweg 102,9031,Drongen,house,house,for-sale,195,444,,,True,,4,2,A,,,,,1,,,,,,Bostoen,2026-06-12,2026-06-12
21447925,https://www.immoweb.be/en/classified/21447925,House for sale in Gent,1075000,Rooigemlaan 577,9000,Gent,house,house,for-sale,205,112,,,,,5,5,A,88,,AS_NEW,,,,,,NON_FLOOD_ZONE,,Sigl Vastgoed,2026-06-12,2026-06-12
21442985,https://www.immoweb.be/en/classified/21442985,House for sale in Gent,345000,Raas van Gaverestraat 11,9000,Gent,house,house,for-sale,60,22,True,30,True,10,2,1,B,199,1915,AS_NEW,GAS,,,False,False,NON_FLOOD_ZONE,245,VICUS,2026-06-12,2026-06-12
21441488,https://www.immoweb.be/en/classified/21441488,House for sale in Gent,275000,Gentstraat 313,9041,Gent,house,house,for-sale,129,190,,,,,4,1,D,362,1698,TO_BE_DONE_UP,,,,False,,,495,Bouw & Vastgoed,2026-06-12,2026-06-12
21440641,https://www.immoweb.be/en/classified/21440641,House for sale in Sint-Amandsberg,398000,Antwerpsesteenweg 323,9040,Sint-Amandsberg,house,house,for-sale,123,50,,,True,2,2,1,B,184,,GOOD,GAS,,,False,,,,Cornelis Goeman Merelbeke,2026-06-12,2026-06-12
21440639,https://www.immoweb.be/en/classified/21440639,House for sale in Gent,398000,Antwerpsesteenweg 323,9000,Gent,house,house,for-sale,123,50,,,True,2,2,1,B,184,,GOOD,GAS,,,False,,,,Cornelis Goeman Merelbeke,2026-06-12,2026-06-12
21437732,https://www.immoweb.be/en/classified/21437732,Apartment_block for sale in Gent (9000),749000,Frans Van Ryhovelaan 229,9000,Gent (9000),house,apartment_block,for-sale,,130,,,,,9,5,C,214,0,GOOD,GAS,,,False,,,1246,Vastgoedkantoor IMMO-HOME,2026-06-12,2026-06-12
21429595,https://www.immoweb.be/en/classified/21429595,House for sale in Gent,317000,Schaliestraat 50,9000,Gent,house,house,for-sale,90,40,,,,,2,1,D,325,1975,JUST_RENOVATED,GAS,,,False,,NON_FLOOD_ZONE,240,Cornelis Goeman Merelbeke,2026-06-12,2026-06-12
21429573,https://www.immoweb.be/en/classified/21429573,House for sale in Gent,,Cliviastraat 15,9000,Gent,house,house,for-sale,98,50,,,True,10,2,1,F,733,1939,TO_BE_DONE_UP,,,,False,False,NON_FLOOD_ZONE,,Immobib,2026-06-12,2026-06-12
21261902,https://www.immoweb.be/en/classified/21261902,Apartment_block for sale in Gent,495000,Heilig-Bloedstraat 7,9000,Gent,house,apartment_block,for-sale,108,108,,,,,0,3,B,174,,GOOD,,,,,,NON_FLOOD_ZONE,406,Think Vastgoed,2026-06-12,2026-06-12
21428303,https://www.immoweb.be/en/classified/21428303,House for sale in Gent,349000,Keizer Leopoldstraat 22,9000,Gent,house,house,for-sale,136,51,,,,,3,1,D,352,1850,GOOD,GAS,,,False,False,,,VICUS,2026-06-12,2026-06-12
21427279,https://www.immoweb.be/en/classified/21427279,House for sale in Gent,541000,Hundelgemsesteenweg 27,9000,Gent,house,house,for-sale,162,162,,,True,21,3,2,,,2026,AS_NEW,,,,,False,,,ION,2026-06-12,2026-06-12
21425926,https://www.immoweb.be/en/classified/21425926,House for sale in Gent,465000,De Pintelaan 152,9000,Gent,house,house,for-sale,125,138,,,,,3,1,C,289,0,TO_BE_DONE_UP,,,,False,,,,I-MOOV,2026-06-12,2026-06-12
21421284,https://www.immoweb.be/en/classified/21421284,Apartment_block for sale in Gent,575000,Kartuizerlaan 27-33,9000,Gent,house,apartment_block,for-sale,148,79,,,,,0,0,D,365,1850,,ELECTRIC,,,False,False,NON_FLOOD_ZONE,1098,ERA Wonen Gent,2026-06-12,2026-06-12
21421283,https://www.immoweb.be/en/classified/21421283,Apartment_block for sale in Gent,575000,Kartuizerlaan 19-25,9000,Gent,house,apartment_block,for-sale,148,69,,,,,0,0,D,364,1850,,ELECTRIC,,,False,False,NON_FLOOD_ZONE,1085,ERA Wonen Gent,2026-06-12,2026-06-12
21420524,https://www.immoweb.be/en/classified/21420524,House for sale in Gent,356000,Antwerpsesteenweg 444,9040,Gent,house,house,for-sale,220,345,,,True,42,2,1,D,315,1980,AS_NEW,,,,False,,NON_FLOOD_ZONE,1254,I-MOOV,2026-06-12,2026-06-12
21309087,https://www.immoweb.be/en/classified/21309087,House for sale in Gent,490000,Klipperstraat 10,9000,Gent,house,house,for-sale,,0,,,,,4,1,A,,2021,AS_NEW,,,,False,,,,PRIVATE,2026-06-12,2026-06-12
21419888,https://www.immoweb.be/en/classified/21419888,Villa for sale in Oostakker,649000,Molzelehof 5,9041,Oostakker,house,villa,for-sale,191,752,,,,,5,2,B,177,1996,GOOD,GAS,1,,,False,NON_FLOOD_ZONE,1879,Bordes Merelbeke,2026-06-12,2026-06-12
21419797,https://www.immoweb.be/en/classified/21419797,House for sale in Gent,325000,Pantserschipstraat 40,9000,Gent,house,house,for-sale,100,70,,,,,2,1,C,286,1899,,GAS,,,False,False,NON_FLOOD_ZONE,220,ERA Wonen Gent,2026-06-12,2026-06-12
21419795,https://www.immoweb.be/en/classified/21419795,House for sale in Gent,325000,Pantserschipstraat 40,9000,Gent,house,house,for-sale,100,70,,,,,2,1,C,286,1899,,GAS,,,False,False,NON_FLOOD_ZONE,220,ERA Wonen Gent,2026-06-12,2026-06-12
21418521,https://www.immoweb.be/en/classified/21418521,House for sale in Sint-Amandsberg,395000,Paul De Ryckstraat 10,9040,Sint-Amandsberg,house,house,for-sale,180,534,,,True,,3,1,C,289,1994,TO_BE_DONE_UP,WOOD,1,1,,False,NON_FLOOD_ZONE,1122,Kompas Vastgoed,2026-06-12,2026-06-12
21416911,https://www.immoweb.be/en/classified/21416911,Town_house for sale in Gent,695000,Hubert Frère-Orbanlaan 48,9000,Gent,house,town_house,for-sale,282,93,,,,,3,2,C,250,,TO_BE_DONE_UP,,,,,,,,Chapter,2026-06-12,2026-06-12
21399119,https://www.immoweb.be/en/classified/21399119,House for sale in Wondelgem,290000,Morekstraat 24,9032,Wondelgem,house,house,for-sale,115,0,,,,,0,0,C,244,,GOOD,,,,,,,,De Vastgoedlink,2026-06-12,2026-06-12
20978003,https://www.immoweb.be/en/classified/20978003,Mixed_use_building for sale in Ledeberg,795000,Brusselsesteenweg 63 - 67,9050,Ledeberg,house,mixed_use_building,for-sale,470,400,,,True,,6,4,C,,,TO_BE_DONE_UP,,,,,,,2308,De Vastgoedlink,2026-06-12,2026-06-12
21416387,https://www.immoweb.be/en/classified/21416387,Villa for sale in Oostakker,880000,Augustijn Moreelsstraat 1,9041,Oostakker,house,villa,for-sale,312,798,,,True,,6,2,B,123,1968,JUST_RENOVATED,,1,,,False,NON_FLOOD_ZONE,1603,Immo Nobels,2026-06-12,2026-06-12
21415518,https://www.immoweb.be/en/classified/21415518,House for sale in Sint-amandsberg,499000,Albrecht Rodenbachstraat 19,9040,Sint-amandsberg,house,house,for-sale,200,225,,,True,,3,1,B,151,0,AS_NEW,GAS,1,1,False,,NON_FLOOD_ZONE,,Vastgoedkantoor IMMO-HOME,2026-06-12,2026-06-12
21407496,https://www.immoweb.be/en/classified/21407496,Apartment_block for sale in Gentbrugge,845000,Brusselsesteenweg 643,9050,Gentbrugge,house,apartment_block,for-sale,184,0,,,True,5,5,4,,,2025,GOOD,,,,,False,,,Immo T bvba,2026-06-12,2026-06-12
21407477,https://www.immoweb.be/en/classified/21407477,House for sale in Gent,548400,Brusselsesteenweg 89,9050,Gent,house,house,for-sale,275,135,,,,,4,2,E,453,1899,GOOD,,,,False,,POSSIBLE_N_CIRCUMSCRIBED_WATERSIDE_ZONE,1227,Access Estate,2026-06-12,2026-06-12
21406003,https://www.immoweb.be/en/classified/21406003,Mixed_use_building for sale in Gent,395000,Brusselsesteenweg 105,9050,Gent,house,mixed_use_building,for-sale,260,134,,,,,4,,E,447,,,,,,False,,NON_FLOOD_ZONE,2555,Vandersmissen Vastgoed,2026-06-12,2026-06-12
21405160,https://www.immoweb.be/en/classified/21405160,House for sale in OOSTAKKER,491000,SIMONNE VERHELLESTRAAT 3,9041,OOSTAKKER,house,house,for-sale,166,347,,,,,3,1,A,,,,,,1,,,,,Matexi Oost-Vlaanderen,2026-06-12,2026-06-12
21405159,https://www.immoweb.be/en/classified/21405159,House for sale in GENT,464500,PIERETTE CUELENAERESTRAAT 8,9041,GENT,house,house,for-sale,164,283,,,,,3,1,A,,,,,,1,,,,,Matexi Oost-Vlaanderen,2026-06-12,2026-06-12
21405158,https://www.immoweb.be/en/classified/21405158,House for sale in GENT,478500,PIERETTE CUELENAERESTRAAT 16,9041,GENT,house,house,for-sale,164,326,,,,,3,1,A,,,,,,1,,,,,Matexi Oost-Vlaanderen,2026-06-12,2026-06-12
21230117,https://www.immoweb.be/en/classified/21230117,House for sale in Oostakker,1265000,Marie-Thérèse de Courtebourneln 11,9041,Oostakker,house,house,for-sale,332,3678,,,True,,4,2,C,232,1994,GOOD,GAS,2,3,,False,NON_FLOOD_ZONE,1650,Block Vastgoed,2026-06-12,2026-06-12
21401708,https://www.immoweb.be/en/classified/21401708,House for sale in Gent,549500,Begijnhoflaan 480,9000,Gent,house,house,for-sale,350,130,,,True,,5,1,C,276,1918,GOOD,GAS,,,False,False,,1140,Cornelis Goeman Merelbeke,2026-06-12,2026-06-12
21397790,https://www.immoweb.be/en/classified/21397790,House for sale in GENT,482000,Rozemarijnstraat 106,9000,GENT,house,house,for-sale,213,90,,,True,16,2,1,D,397,1952,,GAS,,,False,False,NON_FLOOD_ZONE,1215,Infinimo,2026-06-12,2026-06-12
21397586,https://www.immoweb.be/en/classified/21397586,House for sale in Gent,524000,Zonder-Naamstraat 103,9000,Gent,house,house,for-sale,275,0,,,,,6,1,D,313,,TO_RENOVATE,GAS,,,,,POSSIBLE_FLOOD_ZONE,,Immo Francis De Meester,2026-06-12,2026-06-12
21396958,https://www.immoweb.be/en/classified/21396958,House for sale in Sint-amandsberg,263000,Jos Verdegemstraat 102,9040,Sint-amandsberg,house,house,for-sale,146,94,True,12,,,2,1,F,727,1939,TO_RENOVATE,,,,False,,,,I-MOOV,2026-06-12,2026-06-12
21396682,https://www.immoweb.be/en/classified/21396682,House for sale in Gent,319000,Kogelstraat 20,9000,Gent,house,house,for-sale,125,65,,,,,4,1,B,195,1897,GOOD,,,,False,,NON_FLOOD_ZONE,425,Eurobim,2026-06-12,2026-06-12
21394869,https://www.immoweb.be/en/classified/21394869,House for sale in Desteldonk,475000,Moleneinde 16,9042,Desteldonk,house,house,for-sale,170,241,,,,,2,1,E,443,1884,AS_NEW,GAS,,,False,,NON_FLOOD_ZONE,,ARCHITECTENWONING,2026-06-12,2026-06-12
21393571,https://www.immoweb.be/en/classified/21393571,House for sale in Oostakker,415000,Goedlevenstraat 56,9041,Oostakker,house,house,for-sale,163,0,,,True,,3,1,D,322,1932,AS_NEW,GAS,1,4,False,,NON_FLOOD_ZONE,745,Vastgoedkantoor IMMO-HOME,2026-06-12,2026-06-12
21382097,https://www.immoweb.be/en/classified/21382097,House for sale in Gent,310000,Gentstraat 361,9041,Gent,house,house,for-sale,248,174,,,True,52,4,2,D,304,,TO_BE_DONE_UP,GAS,,,False,False,,,TREVI Gent,2026-06-12,2026-06-12
21382095,https://www.immoweb.be/en/classified/21382095,Mixed_use_building for sale in Gent,310000,Gentstraat 361,9041,Gent,house,mixed_use_building,for-sale,248,174,,,True,52,2,2,D,304,,TO_BE_DONE_UP,GAS,,,False,False,,,TREVI Gent,2026-06-12,2026-06-12
21380212,https://www.immoweb.be/en/classified/21380212,House for sale in Gent,340000,Kunstenaarstraat 96,9040,Gent,house,house,for-sale,,0,,,,,4,,D,,,,,,,False,,,550,PRIVATE,2026-06-12,2026-06-12
21379201,https://www.immoweb.be/en/classified/21379201,House for sale in Gent,385000,Rooigemlaan 435,9000,Gent,house,house,for-sale,129,105,,,True,,3,1,E,453,,,,,,,,,,Immostad,2026-06-12,2026-06-12
21378009,https://www.immoweb.be/en/classified/21378009,Mansion for sale in Oostakker,850000,Oostakkerdorp 32,9041,Oostakker,house,mansion,for-sale,344,535,,,True,35,4,2,C,245,1948,GOOD,GAS,1,1,False,False,NON_FLOOD_ZONE,686,Dewaele-woonvastgoed Gent,2026-06-12,2026-06-12
21377464,https://www.immoweb.be/en/classified/21377464,Mansion for sale in Gent,2150000,Jozef Plateaustraat 33,9000,Gent,house,mansion,for-sale,492,190,True,40,True,40,5,2,D,384,1885,AS_NEW,GAS,4,,False,,NON_FLOOD_ZONE,1685,IRRES,2026-06-12,2026-06-12
21374381,https://www.immoweb.be/en/classified/21374381,House for sale in Gent,848000,Michel Thieryhof 1,9000,Gent,house,house,for-sale,198,145,,,True,,3,2,,,2023,,,,,,,,,Vastgoed Ongenaet,2026-06-12,2026-06-12
21373561,https://www.immoweb.be/en/classified/21373561,House for sale in Gentbrugge,399000,Theophiel De Jaegerstraat 41,9050,Gentbrugge,house,house,for-sale,127,230,,,,,3,1,C,215,1956,GOOD,,,,,,,399,Center office,2026-06-12,2026-06-12
21371732,https://www.immoweb.be/en/classified/21371732,House for sale in Sint-amandsberg,289000,Antwerpsesteenweg 535,9040,Sint-amandsberg,house,house,for-sale,129,90,,,True,10,3,1,E,425,1900,AS_NEW,GAS,,,False,,NON_FLOOD_ZONE,314,Vastgoedkantoor IMMO-HOME,2026-06-12,2026-06-12
21368673,https://www.immoweb.be/en/classified/21368673,House for sale in Gent,310000,Wielewaalstraat 122,9000,Gent,house,house,for-sale,123,76,,,,,3,1,D,390,1918,GOOD,GAS,,,False,,NON_FLOOD_ZONE,,TOP Vastgoed,2026-06-12,2026-06-12
21367687,https://www.immoweb.be/en/classified/21367687,House for sale in Gent,399000,Maurice Claeysplein 1,9000,Gent,house,house,for-sale,191,178,,,True,18,4,1,C,281,1987,AS_NEW,GAS,,2,False,,,1075,Makelaarshuys,2026-06-12,2026-06-12
21367433,https://www.immoweb.be/en/classified/21367433,House for sale in Mariakerke,399000,Maurice Claeysplein 1,9030,Mariakerke,house,house,for-sale,191,178,,,True,18,4,1,C,281,1987,AS_NEW,GAS,,2,False,,,1075,Makelaarshuys,2026-06-12,2026-06-12
21361170,https://www.immoweb.be/en/classified/21361170,Mixed_use_building for sale in Gent,495000,Langestraat 139 - 143,9050,Gent,house,mixed_use_building,for-sale,,130,,,,,0,,,,,,,,,False,False,POSSIBLE_FLOOD_ZONE,1601,Estero Rentmeesters,2026-06-12,2026-06-12
21359873,https://www.immoweb.be/en/classified/21359873,House for sale in Gent,349000,Anjelierstraat 117,9000,Gent,house,house,for-sale,150,45,,,,,3,2,B,199,,JUST_RENOVATED,,,,False,,NON_FLOOD_ZONE,323,PRIVATE,2026-06-12,2026-06-12
21357300,https://www.immoweb.be/en/classified/21357300,House for sale in Gent,648000,Platteberg 20,9000,Gent,house,house,for-sale,164,74,,,,,2,1,B,189,1900,GOOD,,,,,,NON_FLOOD_ZONE,468,Vastgoed De Vos Evergem,2026-06-12,2026-06-12
21356336,https://www.immoweb.be/en/classified/21356336,House for sale in Gent,378674,Berkhoutsheide 8,9000,Gent,house,house,for-sale,,353,,,,,3,1,,0,2026,AS_NEW,,,,,False,NON_FLOOD_ZONE,,Woningbouw Speybroeck,2026-06-12,2026-06-12
21354659,https://www.immoweb.be/en/classified/21354659,House for sale in Gent,299000,Vorkstraat 78,9000,Gent,house,house,for-sale,129,60,,,,,4,1,F,617,,TO_RENOVATE,CARBON,,,,,,437,Vastgoed De Vos Evergem,2026-06-12,2026-06-12
21351191,https://www.immoweb.be/en/classified/21351191,House for sale in Sint-Amandsberg,429000,Scheldestraat 103,9040,Sint-Amandsberg,house,house,for-sale,163,111,,,,,3,1,D,395,,,,,,,False,NON_FLOOD_ZONE,705,Vastgoed De Vos Evergem,2026-06-12,2026-06-12
21350927,https://www.immoweb.be/en/classified/21350927,House for sale in Oostakker,549000,Goedlevenstraat 69,9041,Oostakker,house,house,for-sale,203,440,,,True,,4,1,B,123,1935,AS_NEW,GAS,,1,False,,NON_FLOOD_ZONE,988,Vastgoedkantoor IMMO-HOME,2026-06-12,2026-06-12
21349997,https://www.immoweb.be/en/classified/21349997,House for sale in Gent,283000,Jean Béthunestraat 31,9040,Gent,house,house,for-sale,110,50,,,,,3,1,,,1935,GOOD,,,,False,,,240,Eurobim,2026-06-12,2026-06-12
21348838,https://www.immoweb.be/en/classified/21348838,House for sale in Gent,320000,Wittemolenstraat 41,9040,Gent,house,house,for-sale,130,0,,,,,4,0,F,893,,,,,,False,,,,I-MOOV,2026-06-12,2026-06-12
21344583,https://www.immoweb.be/en/classified/21344583,Apartment_block for sale in Gent,2200000,SINT-PIETERSNIEUWSTRAAT 202,9000,Gent,house,apartment_block,for-sale,444,369,True,124,True,20,8,6,B,135,1906,AS_NEW,GAS,,,False,False,NON_FLOOD_ZONE,2511,VICTOIRE JUNOT - Uccle Vente,2026-06-12,2026-06-12
21344584,https://www.immoweb.be/en/classified/21344584,House for sale in Gent,2200000,SINT-PIETERSNIEUWSTRAAT 202,9000,Gent,house,house,for-sale,444,369,True,124,True,20,8,6,B,135,1906,AS_NEW,GAS,,,False,False,NON_FLOOD_ZONE,2511,VICTOIRE JUNOT - Uccle Vente,2026-06-12,2026-06-12
21331118,https://www.immoweb.be/en/classified/21331118,House for sale in GENT,399000,Terdonkplein 32,9042,GENT,house,house,for-sale,152,0,,,True,12,3,2,A,,2025,GOOD,GAS,,1,False,False,NON_FLOOD_ZONE,,Verdegem Vastgoed,2026-06-12,2026-06-12
21325146,https://www.immoweb.be/en/classified/21325146,House for sale in Gent,685000,Elfjulistraat 19,9000,Gent,house,house,for-sale,162,145,,,True,,6,0,B,172,1899,TO_BE_DONE_UP,,,,,,NON_FLOOD_ZONE,446,Convas,2026-06-12,2026-06-12
21321183,https://www.immoweb.be/en/classified/21321183,Apartment_block for sale in GENT,275000,Koningin Elisabethlaan 80,9000,GENT,house,apartment_block,for-sale,90,0,,,,,0,,A,,1991,,GAS,,,False,False,NON_FLOOD_ZONE,1316,Axel Lenaerts Makelaars Destelbergen,2026-06-12,2026-06-12
21321097,https://www.immoweb.be/en/classified/21321097,Town_house for sale in Gent,541000,Hundelgemsesteenweg 27,9000,Gent,house,town_house,for-sale,162,162,,,True,21,3,2,,,2026,AS_NEW,,,,,False,,,ION,2026-06-12,2026-06-12
21321082,https://www.immoweb.be/en/classified/21321082,House for sale in Gent,541000,Hundelgemsesteenweg 27,9000,Gent,house,house,for-sale,162,162,,,True,21,3,2,,,2026,AS_NEW,,,,,False,,,ION,2026-06-12,2026-06-12
21242071,https://www.immoweb.be/en/classified/21242071,House for sale in OOSTAKKER,395000,Bredestraat 94,9041,OOSTAKKER,house,house,for-sale,150,680,,,True,,3,1,D,376,1969,TO_BE_DONE_UP,FUELOIL,1,,False,False,NON_FLOOD_ZONE,989,Immo Zone Heusden,2026-06-12,2026-06-12
21310205,https://www.immoweb.be/en/classified/21310205,House for sale in Gent,449000,Boelenaar 29,9031,Gent,house,house,for-sale,214,214,True,80,True,20,3,1,C,217,,GOOD,GAS,1,1,False,,,,PRIVATE,2026-06-12,2026-06-12
21302174,https://www.immoweb.be/en/classified/21302174,House for sale in Zwijnaarde,524000,Heerweg-Zuid 193,9052,Zwijnaarde,house,house,for-sale,192,0,True,75,True,17,4,0,,,2026,GOOD,,,,,False,NON_FLOOD_ZONE,,LANDBERGH,2026-06-12,2026-06-12
21302019,https://www.immoweb.be/en/classified/21302019,Apartment_block for sale in Gent,1370000,Brabantdam 39-43,9000,Gent,house,apartment_block,for-sale,600,210,,,True,,12,2,F,586,,GOOD,GAS,,,,,,3036,Immo Lierman,2026-06-12,2026-06-12
21293306,https://www.immoweb.be/en/classified/21293306,House_group for sale in Drongen,,Mariakerksesteenweg 124,9031,Drongen,house_group,house_group,for-sale,,,,,,,,,,,,,,,,,,,,Danneels Brugge,2026-06-12,2026-06-12
21287398,https://www.immoweb.be/en/classified/21287398,House for sale in Gent,566000,Bruilofstraat 42,9050,Gent,house,house,for-sale,162,163,,,True,14,3,2,,,0,GOOD,,,,False,,NON_FLOOD_ZONE,,Agence Rosseel,2026-06-12,2026-06-12
21287397,https://www.immoweb.be/en/classified/21287397,House for sale in Gent,566000,Bruilofstraat 42,9050,Gent,house,house,for-sale,165,167,,,True,14,3,2,,,0,GOOD,,,,False,,NON_FLOOD_ZONE,,Agence Rosseel,2026-06-12,2026-06-12
21284369,https://www.immoweb.be/en/classified/21284369,Apartment_block for sale in Gent,530000,Pijlstraat 12,9000,Gent,house,apartment_block,for-sale,155,91,True,20,,,5,2,B,200,,GOOD,GAS,,,,,NON_FLOOD_ZONE,345,Immo Francois Gent,2026-06-12,2026-06-12
21283559,https://www.immoweb.be/en/classified/21283559,Apartment_block for sale in Gent,1550000,Wiedauwkaai 66-70,9000,Gent,house,apartment_block,for-sale,,0,,,,,6,0,B,131,,,GAS,,,True,,NON_FLOOD_ZONE,,Arcade Vastgoed,2026-06-12,2026-06-12
21279613,https://www.immoweb.be/en/classified/21279613,House for sale in Gent,650000,Bevrijdingslaan 150,9000,Gent,house,house,for-sale,380,168,,,,,6,4,D,370,1918,TO_BE_DONE_UP,GAS,,,False,,NON_FLOOD_ZONE,1859,Roman Vastgoed,2026-06-12,2026-06-12
21270638,https://www.immoweb.be/en/classified/21270638,Exceptional_property for sale in GENT,499000,Frans van Ryhovelaan 312,9000,GENT,house,exceptional_property,for-sale,170,71,,,,,2,3,C,204,,JUST_RENOVATED,GAS,,,False,False,NON_FLOOD_ZONE,,CENTURY 21 Partners Gent,2026-06-12,2026-06-12
21266945,https://www.immoweb.be/en/classified/21266945,House for sale in Drongen,495000,Deinsesteenweg 16,9031,Drongen,house,house,for-sale,184,0,,,True,,4,1,A,,2026,,,,1,,,NON_FLOOD_ZONE,,Center office,2026-06-12,2026-06-12
21259320,https://www.immoweb.be/en/classified/21259320,House for sale in Gent,330000,Braemstraat 37,9050,Gent,house,house,for-sale,113,0,,,,,2,1,C,246,1931,AS_NEW,,,,False,,NON_FLOOD_ZONE,327,I-MOOV,2026-06-12,2026-06-12
21245481,https://www.immoweb.be/en/classified/21245481,House for sale in SINT-AMANDSBERG,,,9040,SINT-AMANDSBERG,house,house,for-sale,246,510,,,True,,3,1,B,127,,GOOD,GAS,1,,False,False,NON_FLOOD_ZONE,1047,Lijfrente-makelaar,2026-06-12,2026-06-12
21236922,https://www.immoweb.be/en/classified/21236922,Apartment_block for sale in Gent,799000,Henri Bernard De Tracylaan 30,9000,Gent,house,apartment_block,for-sale,,502,,,,,6,3,C,203,1974,AS_NEW,GAS,7,,False,,NON_FLOOD_ZONE,2310,Vastgoedkantoor IMMO-HOME,2026-06-12,2026-06-12
21221863,https://www.immoweb.be/en/classified/21221863,House for sale in Gent,695000,Voormuide 89,9000,Gent,house,house,for-sale,580,399,,,,,0,0,E,419,,,GAS,,,,,,921,Vastgoed De Vos Evergem,2026-06-12,2026-06-12
21217880,https://www.immoweb.be/en/classified/21217880,House for sale in Gent,845000,Victor Frisstraat 7 9,9000,Gent,house,house,for-sale,415,474,True,200,True,24,10,4,D,,1958,GOOD,,1,,False,,,,Eurobim,2026-06-12,2026-06-12
21217742,https://www.immoweb.be/en/classified/21217742,House for sale in Gent,375000,Bevrijdingslaan 107,9000,Gent,house,house,for-sale,120,56,,,,,3,1,D,,,,,,,False,,NON_FLOOD_ZONE,750,Eurobim,2026-06-12,2026-06-12
21216599,https://www.immoweb.be/en/classified/21216599,Mixed_use_building for sale in GENT,695000,,9000,GENT,house,mixed_use_building,for-sale,178,0,,,,,0,,C,216,,GOOD,GAS,,,False,False,NON_FLOOD_ZONE,1,CENTURY 21 Partners Gent,2026-06-12,2026-06-12
21172520,https://www.immoweb.be/en/classified/21172520,House for sale in Oostakker,565000,Hellegat 16,9041,Oostakker,house,house,for-sale,239,326,,,True,,4,1,A,98,2014,AS_NEW,GAS,1,,False,,NON_FLOOD_ZONE,1019,Vastgoedkantoor IMMO-HOME,2026-06-12,2026-06-12
21203629,https://www.immoweb.be/en/classified/21203629,Mixed_use_building for sale in Gent,695000,Voormuide 89,9000,Gent,house,mixed_use_building,for-sale,580,399,,,,,0,0,E,419,,,GAS,,,,,,921,Vastgoed De Vos Evergem,2026-06-12,2026-06-12
20483449,https://www.immoweb.be/en/classified/20483449,House for sale in Gent,149000,Nokerstraat 7,9042,Gent,house,house,for-sale,163,163,True,1,,,2,1,F,508,,TO_RENOVATE,,,,False,,NON_FLOOD_ZONE,198,PRIVATE,2026-06-12,2026-06-12
21200052,https://www.immoweb.be/en/classified/21200052,House for sale in Oostakker,495000,Ivonna Nevejanstraat 9,9041,Oostakker,house,house,for-sale,179,250,,,True,,5,1,A,30,2020,AS_NEW,GAS,1,1,False,,NON_FLOOD_ZONE,,Vastgoedkantoor IMMO-HOME,2026-06-12,2026-06-12
21193371,https://www.immoweb.be/en/classified/21193371,House for sale in Gent,2200000,,9000,Gent,house,house,for-sale,444,245,True,124,True,40,8,6,B,135,1906,GOOD,GAS,,,False,False,NON_FLOOD_ZONE,2511,Antwerp Sotheby's International Realty,2026-06-12,2026-06-12
21176960,https://www.immoweb.be/en/classified/21176960,House for sale in Gent,315000,Cederstraat 14,9000,Gent,house,house,for-sale,106,0,,,True,,3,1,C,,,AS_NEW,GAS,,,False,,NON_FLOOD_ZONE,,I-MOOV,2026-06-12,2026-06-12
21155549,https://www.immoweb.be/en/classified/21155549,House for sale in Gent,525000,Blauwstraat 8,9032,Gent,house,house,for-sale,164,225,,,True,,4,1,,,2026,,,1,,,,,,TOP Vastgoed,2026-06-12,2026-06-12
21155546,https://www.immoweb.be/en/classified/21155546,House for sale in Gent,499000,Blauwstraat 10,9032,Gent,house,house,for-sale,164,224,,,True,,4,1,,,2026,,,,,,,,,TOP Vastgoed,2026-06-12,2026-06-12
11027601,https://www.immoweb.be/en/classified/11027601,House for sale in Gent,460000,Zwijnaardsesteenweg 704,9000,Gent,house,house,for-sale,140,134,True,10,,,4,1,D,,1950,GOOD,,1,,False,,NON_FLOOD_ZONE,855,Eurobim,2026-06-12,2026-06-12
21133096,https://www.immoweb.be/en/classified/21133096,House for sale in Gent,389000,Muidepoort 43,9000,Gent,house,house,for-sale,210,150,True,38,True,,4,1,D,351,,GOOD,GAS,,,False,,,,Cornelis Goeman Merelbeke,2026-06-12,2026-06-12
21127702,https://www.immoweb.be/en/classified/21127702,Mixed_use_building for sale in Gent,494500,Biekorfstraat 46-48,9000,Gent,house,mixed_use_building,for-sale,239,121,,,True,,5,2,C,258,1899,GOOD,GAS,,,False,False,,1234,TREVI Gent,2026-06-12,2026-06-12
21125380,https://www.immoweb.be/en/classified/21125380,House for sale in Oostakker,434000,wulverdam 4,9041,Oostakker,house,house,for-sale,133,373,,,True,,3,1,B,162,,AS_NEW,,,,False,,NON_FLOOD_ZONE,1060,Vastgoedkantoor IMMO-HOME,2026-06-12,2026-06-12
21119561,https://www.immoweb.be/en/classified/21119561,House_group for sale in Gent,,Wolfputstraat 129,9041,Gent,house_group,house_group,for-sale,,,,,,,,,,,,,,1,,,,,,Unicas nv,2026-06-12,2026-06-12
21118812,https://www.immoweb.be/en/classified/21118812,House_group for sale in Gent,,Wolfputstraat 129,9041,Gent,house_group,house_group,for-sale,,,,,,,,,,,,,,1,,,,,,Unicas nv,2026-06-12,2026-06-12
21116962,https://www.immoweb.be/en/classified/21116962,House_group for sale in Gent,,Wolfputstraat 129,9041,Gent,house_group,house_group,for-sale,,,,,,,,,,,,,,1,,,,,,Unicas nv,2026-06-12,2026-06-12
21102262,https://www.immoweb.be/en/classified/21102262,House for sale in Oostakker,499000,Krijtekerkweg 14,9041,Oostakker,house,house,for-sale,123,423,,,True,10,3,1,B,198,1996,AS_NEW,GAS,1,,False,,NON_FLOOD_ZONE,,Vastgoedkantoor IMMO-HOME,2026-06-12,2026-06-12
21083256,https://www.immoweb.be/en/classified/21083256,House_group for sale in Gent,,Desteldonkstraat 10,9042,Gent,house_group,house_group,for-sale,,,,,,,,,,,,,,,,,,,,ERA PROJECTS,2026-06-12,2026-06-12
21080294,https://www.immoweb.be/en/classified/21080294,House for sale in Gent,853000,,9000,Gent,house,house,for-sale,142,0,,,True,17,3,2,,,2023,AS_NEW,,,,,False,NON_FLOOD_ZONE,,Claes & Willems,2026-06-12,2026-06-12
21080293,https://www.immoweb.be/en/classified/21080293,House for sale in Gent,1045500,,9000,Gent,house,house,for-sale,172,0,,,True,34,3,2,,,2023,AS_NEW,,,,False,False,NON_FLOOD_ZONE,,Claes & Willems,2026-06-12,2026-06-12
21077024,https://www.immoweb.be/en/classified/21077024,House for sale in Gent,540000,Denise De Weerdtpad 6,9000,Gent,house,house,for-sale,150,0,True,1,True,1,3,1,A,35,,AS_NEW,,,,False,,NON_FLOOD_ZONE,,Life Tree Group,2026-06-12,2026-06-12
21069839,https://www.immoweb.be/en/classified/21069839,Apartment_block for sale in Gent,445000,Gasklokstraat 24,9000,Gent,house,apartment_block,for-sale,112,47,,,,,5,1,C,213,,AS_NEW,GAS,,,False,,NON_FLOOD_ZONE,364,Herbert Lambrecht,2026-06-12,2026-06-12
21034535,https://www.immoweb.be/en/classified/21034535,House for sale in Oostakker,749000,Oudebareelstraat 81,9041,Oostakker,house,house,for-sale,282,1007,,,True,16,3,1,C,228,1991,AS_NEW,ELECTRIC,,,False,,NON_FLOOD_ZONE,1983,Vastgoedkantoor IMMO-HOME,2026-06-12,2026-06-12
21061415,https://www.immoweb.be/en/classified/21061415,House for sale in Gent,874500,,9000,Gent,house,house,for-sale,146,0,,,True,18,3,2,,,2023,AS_NEW,,,,,False,NON_FLOOD_ZONE,,Claes & Willems,2026-06-12,2026-06-12
21061416,https://www.immoweb.be/en/classified/21061416,House for sale in Gent,840500,,9000,Gent,house,house,for-sale,142,0,,,True,19,3,2,,,2023,AS_NEW,,,,False,False,NON_FLOOD_ZONE,,Claes & Willems,2026-06-12,2026-06-12
21061414,https://www.immoweb.be/en/classified/21061414,House for sale in Gent,1050500,,9000,Gent,house,house,for-sale,169,0,,,True,43,3,2,,,2023,AS_NEW,,,,False,False,NON_FLOOD_ZONE,,Claes & Willems,2026-06-12,2026-06-12
21057431,https://www.immoweb.be/en/classified/21057431,House_group for sale in Sint-Denijs-Westrem,,Hogeheerweg 59,9051,Sint-Denijs-Westrem,house_group,house_group,for-sale,,,,,,,,,,,,,,,,,,,,Potrell,2026-06-12,2026-06-12
21053428,https://www.immoweb.be/en/classified/21053428,House_group for sale in Gent,,Gandastraat 17,9000,Gent,house_group,house_group,for-sale,,,,,,,,,,,,,,,,,,,,Urbanlink Group,2026-06-12,2026-06-12
21052230,https://www.immoweb.be/en/classified/21052230,House for sale in Gent,435000,Koopvaardijlaan 19,9000,Gent,house,house,for-sale,220,100,True,20,,,5,1,D,338,1875,GOOD,,,,False,,NON_FLOOD_ZONE,555,Eurobim,2026-06-12,2026-06-12
20743608,https://www.immoweb.be/en/classified/20743608,House for sale in Oostakker,698000,Orchideestraat 38,9041,Oostakker,house,house,for-sale,225,1150,,,True,,5,1,D,339,1958,JUST_RENOVATED,GAS,1,,,,NON_FLOOD_ZONE,850,Lo-Immo bvba,2026-06-12,2026-06-12
21033263,https://www.immoweb.be/en/classified/21033263,House for sale in Gent,429000,Kluizenaarstraat 13,9000,Gent,house,house,for-sale,105,52,,,True,,3,1,B,147,1930,JUST_RENOVATED,GAS,,,,,NON_FLOOD_ZONE,317,Lo-Immo bvba,2026-06-12,2026-06-12
21029129,https://www.immoweb.be/en/classified/21029129,House for sale in MARIAKERKE,439750,Liniestraat 16,9030,MARIAKERKE,house,house,for-sale,172,149,,,,,5,2,A+,,2024,GOOD,GAS,,1,False,False,NON_FLOOD_ZONE,,LD-Vastgoed,2026-06-12,2026-06-12
21025160,https://www.immoweb.be/en/classified/21025160,Apartment_block for sale in Gent,522500,Begijnhoflaan 3,9000,Gent,house,apartment_block,for-sale,135,45,,,,,0,0,D,311,1874,,GAS,,,,,NON_FLOOD_ZONE,371,Lo-Immo bvba,2026-06-12,2026-06-12
20799947,https://www.immoweb.be/en/classified/20799947,House for sale in Gent,1900000,Hoogpoort 10,9000,Gent,house,house,for-sale,,0,,,,,9,,B,101,,GOOD,GAS,,,False,False,NON_FLOOD_ZONE,,Dewaele-woonvastgoed Gent,2026-06-12,2026-06-12
21012340,https://www.immoweb.be/en/classified/21012340,House_group for sale in Gent,,Palinghuizen 112,9000,Gent,house_group,house_group,for-sale,,,,,,,,,,,,,,,,,,,,Danneels Brugge,2026-06-12,2026-06-12
20998370,https://www.immoweb.be/en/classified/20998370,House for sale in Gent Wondelgem,519955,,9032,Gent Wondelgem,house,house,for-sale,166,471,,,,,3,1,A,,,AS_NEW,,1,,,,,,Team Construct,2026-06-12,2026-06-12
20973239,https://www.immoweb.be/en/classified/20973239,House for sale in Sint-Amandsberg,525000,Camille D'Havéstraat 18,9040,Sint-Amandsberg,house,house,for-sale,155,595,,,True,,4,1,C,277,1994,TO_BE_DONE_UP,GAS,1,,,,NON_FLOOD_ZONE,1393,Lo-Immo bvba,2026-06-12,2026-06-12
20964799,https://www.immoweb.be/en/classified/20964799,House_group for sale in Wondelgem,,Blauwstraat 8,9032,Wondelgem,house_group,house_group,for-sale,,,,,,,,,,,,,,,,,,NON_FLOOD_ZONE,,Bouwbedrijf Pieter Blomme,2026-06-12,2026-06-12
20957186,https://www.immoweb.be/en/classified/20957186,House for sale in Gent,509000,Denise De Weerdtpad 7,9000,Gent,house,house,for-sale,,0,True,1,True,1,3,1,A,37,,AS_NEW,,,,False,,NON_FLOOD_ZONE,,Life Tree Group,2026-06-12,2026-06-12
20945804,https://www.immoweb.be/en/classified/20945804,House for sale in Oostakker,329000,Wolfputstraat 72,9041,Oostakker,house,house,for-sale,128,382,,,True,,4,1,B,190,1936,GOOD,GAS,,1,,,NON_FLOOD_ZONE,,Lo-Immo bvba,2026-06-12,2026-06-12
20943335,https://www.immoweb.be/en/classified/20943335,Apartment_block for sale in Gent,1395000,Oudescheldestraat 8,9000,Gent,house,apartment_block,for-sale,313,102,,,,,5,5,C,,,GOOD,,,,False,,,2423,Stellar Immo,2026-06-12,2026-06-12
20930443,https://www.immoweb.be/en/classified/20930443,House for sale in GENT,473500,HILDA DANNEELSTRAAT 23,9041,GENT,house,house,for-sale,167,293,,,,,3,1,A,,,,,,1,,,,,Matexi Oost-Vlaanderen,2026-06-12,2026-06-12
20864514,https://www.immoweb.be/en/classified/20864514,House for sale in Gent,279000,Haverstraat 38,9000,Gent,house,house,for-sale,110,48,True,4,,,4,2,C,247,1938,GOOD,,,,False,,NON_FLOOD_ZONE,239,Eurobim,2026-06-12,2026-06-12
20878804,https://www.immoweb.be/en/classified/20878804,House for sale in Oostakker,350000,Kleemstraat 120+,9041,Oostakker,house,house,for-sale,170,124,,,,,4,1,,,2025,,,,,,,,,Center office,2026-06-12,2026-06-12
20701804,https://www.immoweb.be/en/classified/20701804,House for sale in Gentbrugge,548000,Hélène Maréchalhof 9,9050,Gentbrugge,house,house,for-sale,150,222,True,100,True,15,3,1,,,2023,,,,,,,NON_FLOOD_ZONE,1048,Lo-Immo bvba,2026-06-12,2026-06-12
20645180,https://www.immoweb.be/en/classified/20645180,House for sale in Oostakker,679000,Rostijnestraat 40,9041,Oostakker,house,house,for-sale,540,3159,,,True,,4,1,D,343,1995,TO_BE_DONE_UP,,2,,,,NON_FLOOD_ZONE,2282,Lo-Immo bvba,2026-06-12,2026-06-12
20645165,https://www.immoweb.be/en/classified/20645165,House for sale in Desteldonk,679000,Rostijnestraat 40,9042,Desteldonk,house,house,for-sale,540,3159,,,True,,4,1,D,343,1995,TO_BE_DONE_UP,,2,,,,NON_FLOOD_ZONE,2282,Lo-Immo bvba,2026-06-12,2026-06-12
20864523,https://www.immoweb.be/en/classified/20864523,House for sale in Gent,325000,Phoenixstraat 172,9000,Gent,house,house,for-sale,125,77,,,True,2,2,1,D,,1850,GOOD,,,,False,,,,Eurobim,2026-06-12,2026-06-12
20855379,https://www.immoweb.be/en/classified/20855379,Mixed_use_building for sale in Gent,299000,Bevrijdingslaan 152,9000,Gent,house,mixed_use_building,for-sale,162,120,,,True,,2,1,E,448,,TO_BE_DONE_UP,GAS,,,False,False,,560,TOP Vastgoed,2026-06-12,2026-06-12
20827839,https://www.immoweb.be/en/classified/20827839,House for sale in Gentbrugge,674432,,9050,Gentbrugge,house,house,for-sale,174,0,True,52,True,12,4,2,,,,,,,,,,,,Revive,2026-06-12,2026-06-12
20782419,https://www.immoweb.be/en/classified/20782419,House for sale in Gent,509000,Denise De Weerdtpad 7,9000,Gent,house,house,for-sale,150,0,True,1,True,1,3,1,A,37,,AS_NEW,,,,False,,NON_FLOOD_ZONE,,Life Tree Group,2026-06-12,2026-06-12
11424261,https://www.immoweb.be/en/classified/11424261,House_group for sale in Gentbrugge,,Tweekapellenstraat 45,9050,Gentbrugge,house_group,house_group,for-sale,,,,,,,,,,,,,,,,,,,,Revive,2026-06-12,2026-06-12
20740855,https://www.immoweb.be/en/classified/20740855,House_group for sale in GENT,,MEERHOUTSTRAAT 4,9000,GENT,house_group,house_group,for-sale,,,,,,,,,,,,,,,,,,,,Matexi Oost-Vlaanderen,2026-06-12,2026-06-12
20730552,https://www.immoweb.be/en/classified/20730552,House for sale in Wondelgem,590000,Gertrude Elionpad 10,9032,Wondelgem,house,house,for-sale,214,153,,,True,,4,2,,,2025,GOOD,,,,,,NON_FLOOD_ZONE,,Vastgoed De Vos Evergem,2026-06-12,2026-06-12
20730501,https://www.immoweb.be/en/classified/20730501,House for sale in Wondelgem,460000,Gertrude Elionpad 6,9032,Wondelgem,house,house,for-sale,152,178,,,True,,3,1,,,2025,GOOD,,,,,,NON_FLOOD_ZONE,,Vastgoed De Vos Evergem,2026-06-12,2026-06-12
20475140,https://www.immoweb.be/en/classified/20475140,House_group for sale in Gent Wondelgem,,Kolegemstraat 116,9032,Gent Wondelgem,house_group,house_group,for-sale,,,,,,,,,,,,,,,,,,NON_FLOOD_ZONE,,Hyboma,2026-06-12,2026-06-12
20475134,https://www.immoweb.be/en/classified/20475134,House_group for sale in Gent Drongen,,Merendreesesteenweg,9031,Gent Drongen,house_group,house_group,for-sale,,,,,,,,,,,,,,1,1,,,NON_FLOOD_ZONE,,Hyboma,2026-06-12,2026-06-12
11453710,https://www.immoweb.be/en/classified/11453710,House for sale in Gent,1150000,Vlasmarkt 16,9000,Gent,house,house,for-sale,285,49,,,,,0,,,,,,,,,False,,,,PRIVATE,2026-06-12,2026-06-12
11462316,https://www.immoweb.be/en/classified/11462316,House for sale in Gent,540000,Doornzelestraat 23,9000,Gent,house,house,for-sale,150,0,True,32,,,3,2,,,,GOOD,,,,False,False,NON_FLOOD_ZONE,,Dewaele-woonvastgoed Gent,2026-06-12,2026-06-12
11462315,https://www.immoweb.be/en/classified/11462315,House for sale in Gent,495000,Doornzelestraat 23,9000,Gent,house,house,for-sale,145,0,True,31,,,3,,,,,GOOD,,,,False,False,NON_FLOOD_ZONE,,Dewaele-woonvastgoed Gent,2026-06-12,2026-06-12
11148684,https://www.immoweb.be/en/classified/11148684,House for sale in Gent,250000,Puinstraat 66,9000,Gent,house,house,for-sale,,32,,,,,1,1,F,784,,TO_RENOVATE,,,,,,NON_FLOOD_ZONE,287,"KEUSTERS, Anne-Marie",2026-06-12,2026-06-12
11148683,https://www.immoweb.be/en/classified/11148683,House for sale in Gent,200000,Ossenstraat 16,9000,Gent,house,house,for-sale,,0,,,,,1,1,F,1103,,TO_RENOVATE,,,,,,NON_FLOOD_ZONE,190,"KEUSTERS, Anne-Marie",2026-06-12,2026-06-12
10999076,https://www.immoweb.be/en/classified/10999076,House_group for sale in DESTELDONK,,,9042,DESTELDONK,house_group,house_group,for-sale,,,,,,,,,,,,,,,,,,POSSIBLE_FLOOD_ZONE,,Pattymo,2026-06-12,2026-06-12
10740902,https://www.immoweb.be/en/classified/10740902,House_group for sale in GENT,,HILDA DANEELSSTRAAT 1,9041,GENT,house_group,house_group,for-sale,,,,,,,,,,,,,,,,,,,,Matexi Oost-Vlaanderen,2026-06-12,2026-06-12
10199441,https://www.immoweb.be/en/classified/10199441,House_group for sale in Gent,,Elsstraat 2,9000,Gent,house_group,house_group,for-sale,,,,,,,,,,,,,,,,,,,,Square Real Estate,2026-06-12,2026-06-12
9354334,https://www.immoweb.be/en/classified/9354334,House for sale in Gent,389000,"Hubert Frère-Orbanlaan 305,",9000,Gent,house,house,for-sale,167,49,,,,,3,,E,441,1918,GOOD,,,,False,False,NON_FLOOD_ZONE,1080,Optimum Vastgoed & advies,2026-06-12,2026-06-12
