id,scrape_date,property_type,transaction_type,price,status,active,view_count,bookmark_count
21659033,2026-06-20,house,for-sale,349000,new,True,0,0
21659030,2026-06-20,house,for-sale,295000,new,True,0,0
21659029,2026-06-20,house,for-sale,750000,new,True,0,0
21659027,2026-06-20,house,for-sale,350000,new,True,0,0
21659026,2026-06-20,house,for-sale,350000,new,True,0,0
21659025,2026-06-20,house,for-sale,325000,new,True,0,0
21658981,2026-06-20,house,for-sale,289000,new,True,0,0
21658900,2026-06-20,house,for-sale,289000,new,True,0,0
21658639,2026-06-20,house,for-sale,439000,new,True,29,3
21658562,2026-06-20,house,for-sale,385000,new,True,101,3
21658548,2026-06-20,house,for-sale,,new,True,261,10
21658522,2026-06-20,house,for-sale,475000,new,True,153,2
21658466,2026-06-20,house,for-sale,450000,new,True,199,1
21658408,2026-06-20,house,for-sale,445000,new,True,330,10
21658344,2026-06-20,house,for-sale,335000,new,True,108,1
21658288,2026-06-20,house,for-sale,429000,new,True,442,9
21658247,2026-06-20,house,for-sale,480000,new,True,179,1
21658246,2026-06-20,house,for-sale,525000,new,True,119,3
21658003,2026-06-20,house,for-sale,375000,new,True,72,1
21657567,2026-06-20,house,for-sale,449000,new,True,230,4
21657562,2026-06-20,house,for-sale,599000,new,True,82,2
21657499,2026-06-20,house,for-sale,325000,new,True,98,2
21657441,2026-06-20,house,for-sale,2250000,new,True,284,5
21657071,2026-06-20,house,for-sale,675000,new,True,190,1
21657055,2026-06-20,house,for-sale,450000,new,True,286,3
21656907,2026-06-20,house,for-sale,715000,new,True,602,9
21640555,2026-06-20,house,for-sale,449000,new,True,1268,9
21640303,2026-06-20,house,for-sale,322000,under_option,True,921,6
21640188,2026-06-20,house,for-sale,229000,new,True,1182,10
21640061,2026-06-20,house,for-sale,289000,new,True,588,8
21639687,2026-06-20,house,for-sale,399000,new,True,1040,10
21639632,2026-06-20,house,for-sale,389000,new,True,2426,27
21639568,2026-06-20,house,for-sale,549000,new,True,1658,18
21639537,2026-06-20,house,for-sale,349000,new,True,409,2
21639399,2026-06-20,house,for-sale,595000,new,True,423,0
21639153,2026-06-20,house,for-sale,850000,new,True,1344,21
21639095,2026-06-20,house,for-sale,519000,new,True,656,8
21639081,2026-06-20,house,for-sale,670000,new,True,1357,15
21639016,2026-06-20,house,for-sale,299000,new,True,1853,39
21638802,2026-06-20,house,for-sale,592000,new,True,1557,23
21638554,2026-06-20,house,for-sale,398000,new,True,2447,51
21493848,2026-06-20,house,for-sale,599000,,True,1855,14
21638196,2026-06-20,house,for-sale,545000,new,True,828,5
21638160,2026-06-20,house,for-sale,399000,new,True,2704,47
21638049,2026-06-20,house,for-sale,349000,under_option,True,2219,49
21638028,2026-06-20,house,for-sale,685000,new,True,1952,36
21638006,2026-06-20,house,for-sale,559000,new,True,200,1
21637924,2026-06-20,house,for-sale,355000,new,True,542,5
21637883,2026-06-20,house,for-sale,299000,new,True,1426,22
21637658,2026-06-20,house,for-sale,565000,new,True,1975,22
21637610,2026-06-20,house,for-sale,1145000,new,True,958,4
21637134,2026-06-20,house,for-sale,475000,new,True,949,8
21637113,2026-06-20,house,for-sale,495000,new,True,804,16
21637005,2026-06-20,house,for-sale,575000,new,True,1766,39
21636876,2026-06-20,house,for-sale,528000,new,True,941,7
21636682,2026-06-20,house,for-sale,428000,new,True,596,6
21501998,2026-06-20,house,for-sale,850000,,True,5238,68
21636203,2026-06-20,house,for-sale,395000,new,True,2928,45
21636148,2026-06-20,house,for-sale,649000,new,True,1838,22
21636120,2026-06-20,house,for-sale,399000,new,True,695,4
21636074,2026-06-20,house,for-sale,449000,new,True,2655,37
21635898,2026-06-20,house,for-sale,239000,new,True,1015,22
21635851,2026-06-20,house,for-sale,627000,under_option,True,3188,56
21635646,2026-06-20,house,for-sale,318500,new,True,502,16
21635630,2026-06-20,house,for-sale,435000,new,True,1921,24
21635333,2026-06-20,house,for-sale,485000,new,True,6366,52
21635262,2026-06-20,house,for-sale,435000,new,True,1504,20
21634875,2026-06-20,house,for-sale,167000,new,True,710,3
21634868,2026-06-20,house,for-sale,855000,new,True,1461,13
21634734,2026-06-20,house,for-sale,825000,new,True,603,14
21634517,2026-06-20,house,for-sale,550000,new,True,2372,58
21634523,2026-06-20,house,for-sale,725000,new,True,1277,25
21630177,2026-06-20,house,for-sale,690000,new,True,1399,20
21633839,2026-06-20,house,for-sale,545000,new,True,5684,88
21633694,2026-06-20,house,for-sale,795000,new,True,1340,9
21633590,2026-06-20,house,for-sale,375000,new,True,500,2
21633563,2026-06-20,house,for-sale,145000,new,True,614,8
21633548,2026-06-20,house,for-sale,530000,new,True,300,4
21633547,2026-06-20,house,for-sale,690000,new,True,884,13
21633461,2026-06-20,house,for-sale,562000,new,True,697,7
21633151,2026-06-20,house,for-sale,1025000,new,True,732,8
21633062,2026-06-20,house,for-sale,509995,new,True,718,3
21633060,2026-06-20,house,for-sale,485000,new,True,882,6
21633015,2026-06-20,house,for-sale,795000,new,True,1280,15
21632921,2026-06-20,house_group,for-sale,,new,True,50,1
21632615,2026-06-20,house,for-sale,478000,new,True,985,8
21632145,2026-06-20,house,for-sale,425000,new,True,4830,61
21631956,2026-06-20,house,for-sale,845000,new,True,1231,20
21631853,2026-06-20,house,for-sale,299000,new,True,2271,64
21631792,2026-06-20,house,for-sale,425000,new,True,1486,12
21631533,2026-06-20,house,for-sale,275000,new,True,733,3
21631194,2026-06-20,house,for-sale,479000,new,True,1772,29
21631153,2026-06-20,house,for-sale,448864,new,True,126,3
21631047,2026-06-20,house,for-sale,299000,new,True,1513,23
21631011,2026-06-20,house,for-sale,450000,new,True,1431,18
21630985,2026-06-20,house,for-sale,445000,new,True,1146,34
21367621,2026-06-20,house,for-sale,1380000,,True,1229,8
21630573,2026-06-20,house,for-sale,285000,new,True,1109,24
21630468,2026-06-20,house,for-sale,407779,new,True,237,2
21630438,2026-06-20,house,for-sale,755000,new,True,1957,22
21629877,2026-06-20,house,for-sale,389000,new,True,3860,24
21658668,2026-06-20,house,for-rent,1850,new,True,8,0
21658482,2026-06-20,house,for-rent,1200,new,True,173,2
21658373,2026-06-20,house,for-rent,1395,new,True,133,6
21657504,2026-06-20,house,for-rent,1100,new,True,281,5
21640759,2026-06-20,house,for-rent,1100,new,True,2213,34
21640579,2026-06-20,house,for-rent,1100,under_option,True,1493,42
21638531,2026-06-20,house,for-rent,1250,new,True,1275,35
21638517,2026-06-20,house,for-rent,1450,new,True,1237,30
21638265,2026-06-20,house,for-rent,1350,new,True,773,21
21637642,2026-06-20,house,for-rent,1395,new,True,627,13
21637417,2026-06-20,house,for-rent,1475,new,True,1176,37
21637130,2026-06-20,house,for-rent,980,new,True,1214,49
21637127,2026-06-20,house,for-rent,1350,new,True,486,9
21636866,2026-06-20,house,for-rent,1400,new,True,913,31
21636239,2026-06-20,house,for-rent,1250,new,True,588,8
21635977,2026-06-20,house,for-rent,1475,new,True,581,17
21635596,2026-06-20,house,for-rent,1700,new,True,812,13
21634977,2026-06-20,house,for-rent,860,new,True,2546,75
21631532,2026-06-20,house,for-rent,1200,new,True,1270,21
21604122,2026-06-20,house,for-rent,570,new,True,2565,70
21629752,2026-06-20,house,for-rent,2150,new,True,281,7
21628042,2026-06-20,house,for-rent,1550,new,True,880,12
21627699,2026-06-20,house,for-rent,4500,new,True,433,3
21625643,2026-06-20,house,for-rent,1500,new,True,3776,109
21448770,2026-06-20,house,for-rent,1350,,True,872,13
21624626,2026-06-20,house,for-rent,940,new,True,1256,7
21624596,2026-06-20,house,for-rent,1500,new,True,3958,42
21605569,2026-06-20,house,for-rent,1950,new,True,1580,23
21623598,2026-06-20,house,for-rent,1239,new,True,909,22
21623255,2026-06-20,house,for-rent,1690,new,True,1533,34
21623032,2026-06-20,house,for-rent,1575,new,True,571,10
21622874,2026-06-20,house,for-rent,1300,new,True,347,12
21622141,2026-06-20,house,for-rent,2200,new,True,364,2
21622006,2026-06-20,house,for-rent,2650,new,True,498,4
21620094,2026-06-20,house,for-rent,1435,new,True,1099,27
21619563,2026-06-20,house,for-rent,1600,new,True,248,1
21609584,2026-06-20,house,for-rent,970,new,True,3320,89
21608177,2026-06-20,house,for-rent,1350,new,True,1958,48
21607404,2026-06-20,house,for-rent,950,new,True,2015,69
21606027,2026-06-20,house,for-rent,1050,new,True,639,14
21605335,2026-06-20,house,for-rent,1470,new,True,1380,18
21604376,2026-06-20,house,for-rent,1445,new,True,1158,28
21602701,2026-06-20,house,for-rent,2300,new,True,803,6
21602585,2026-06-20,house,for-rent,1150,under_option,True,2673,65
21598406,2026-06-20,house,for-rent,2050,,True,549,14
21597352,2026-06-20,house,for-rent,900,,True,3967,144
21596921,2026-06-20,house,for-rent,825,,True,1548,50
21596896,2026-06-20,house,for-rent,1200,under_option,True,969,7
21593704,2026-06-20,house,for-rent,1595,,True,1986,41
21591198,2026-06-20,house,for-rent,2500,,True,542,2
21590451,2026-06-20,house,for-rent,815,,True,3961,126
21590448,2026-06-20,house,for-rent,975,,True,5783,188
21590234,2026-06-20,house,for-rent,800,,True,2668,93
21589001,2026-06-20,house,for-rent,1050,,True,3039,67
21578580,2026-06-20,house,for-rent,1050,,True,2304,47
21586773,2026-06-20,house,for-rent,900,,True,815,21
21585776,2026-06-20,house,for-rent,1575,,True,1043,19
21583325,2026-06-20,house,for-rent,1050,,True,886,23
21582127,2026-06-20,house,for-rent,2000,,True,760,12
21581285,2026-06-20,house,for-rent,1700,,True,1983,46
21579317,2026-06-20,house,for-rent,1250,,True,2788,85
21579213,2026-06-20,house,for-rent,970,,True,3953,69
21563446,2026-06-20,house,for-rent,1150,,True,2025,63
21556832,2026-06-20,house,for-rent,2900,,True,995,11
21549054,2026-06-20,house,for-rent,1590,under_option,True,1565,40
21548680,2026-06-20,house,for-rent,1250,,True,1789,55
21540343,2026-06-20,house,for-rent,2600,,True,1656,27
21533214,2026-06-20,house,for-rent,1250,,True,1606,28
21510722,2026-06-20,house,for-rent,1250,,True,2676,41
21485230,2026-06-20,house,for-rent,1800,under_option,True,1738,28
21403785,2026-06-20,house,for-rent,1400,,True,3614,87
21049697,2026-06-20,house,for-rent,3500,,True,8389,88
20133790,2026-06-20,house,for-rent,1450,,True,7935,65
21641264,2026-06-20,house,for-rent,1150,new,True,1119,21
21641017,2026-06-20,house,for-rent,1300,new,True,644,9
21642026,2026-06-20,house,for-rent,1150,new,True,1107,37
21641940,2026-06-20,house,for-rent,850,new,True,1477,60
21641714,2026-06-20,house,for-rent,1575,new,True,683,11
21642633,2026-06-20,house,for-rent,1300,new,True,748,18
21658756,2026-06-20,apartment,for-sale,349000,new,True,6,0
21658638,2026-06-20,apartment,for-sale,540000,new,True,5,0
21658641,2026-06-20,apartment,for-sale,530000,new,True,2,0
21658640,2026-06-20,apartment,for-sale,520000,new,True,1,0
21658634,2026-06-20,apartment,for-sale,450000,new,True,1,0
21658474,2026-06-20,apartment,for-sale,330000,new,True,47,0
21658287,2026-06-20,apartment,for-sale,335000,new,True,75,1
21658277,2026-06-20,apartment,for-sale,499000,new,True,47,0
21658164,2026-06-20,apartment,for-sale,237000,new,True,79,0
21658020,2026-06-20,apartment,for-sale,675000,new,True,71,0
21657594,2026-06-20,apartment,for-sale,375000,new,True,84,0
21657593,2026-06-20,apartment,for-sale,365000,new,True,71,0
21657552,2026-06-20,apartment,for-sale,237000,new,True,93,0
21657023,2026-06-20,apartment,for-sale,249000,new,True,74,0
21656835,2026-06-20,apartment_group,for-sale,,new,True,23,0
21656834,2026-06-20,apartment_group,for-sale,,new,True,5,0
21656833,2026-06-20,apartment_group,for-sale,,new,True,7,0
21585308,2026-06-20,apartment,for-sale,855000,,True,1600,23
21640795,2026-06-20,apartment,for-sale,365000,new,True,231,5
21640735,2026-06-20,apartment_group,for-sale,,new,True,198,2
21640690,2026-06-20,apartment,for-sale,510000,new,True,72,1
21640687,2026-06-20,apartment,for-sale,460000,under_option,True,83,0
21640684,2026-06-20,apartment,for-sale,515000,new,True,642,13
21640662,2026-06-20,apartment,for-sale,595000,new,True,87,0
21640647,2026-06-20,apartment,for-sale,379000,new,True,456,4
21640646,2026-06-20,apartment,for-sale,425000,new,True,334,5
21640595,2026-06-20,apartment,for-sale,395000,new,True,2256,23
21640448,2026-06-20,apartment,for-sale,440000,new,True,228,4
21640241,2026-06-20,apartment,for-sale,375000,new,True,889,8
21353015,2026-06-20,apartment,for-sale,210000,under_option,True,993,7
21639922,2026-06-20,apartment,for-sale,795000,new,True,90,0
21639908,2026-06-20,apartment,for-sale,795000,new,True,62,0
21639805,2026-06-20,apartment,for-sale,550000,new,True,63,1
21639794,2026-06-20,apartment,for-sale,550000,new,True,53,0
21639618,2026-06-20,apartment,for-sale,387000,under_option,True,834,25
21639611,2026-06-20,apartment,for-sale,303000,new,True,133,1
21639612,2026-06-20,apartment,for-sale,321000,new,True,87,0
21639610,2026-06-20,apartment,for-sale,438000,new,True,28,0
21639590,2026-06-20,apartment_group,for-sale,,new,True,105,1
21639566,2026-06-20,apartment,for-sale,395000,new,True,424,5
21638348,2026-06-20,apartment,for-sale,297000,new,True,252,1
21638349,2026-06-20,apartment,for-sale,379000,new,True,239,3
21638347,2026-06-20,apartment,for-sale,265000,new,True,417,5
21638133,2026-06-20,apartment,for-sale,349000,new,True,302,2
21638007,2026-06-20,apartment,for-sale,358500,new,True,98,0
21637995,2026-06-20,apartment,for-sale,359000,new,True,67,2
21637996,2026-06-20,apartment,for-sale,335000,new,True,399,11
21637301,2026-06-20,apartment,for-sale,375000,new,True,785,32
21637129,2026-06-20,apartment,for-sale,198000,new,True,424,7
21637088,2026-06-20,apartment,for-sale,330000,new,True,475,13
21637081,2026-06-20,apartment,for-sale,497500,new,True,114,1
21637064,2026-06-20,apartment,for-sale,499000,new,True,64,0
21637032,2026-06-20,apartment,for-sale,362500,new,True,37,1
21637007,2026-06-20,apartment,for-sale,275000,new,True,484,10
21551825,2026-06-20,apartment,for-sale,359000,,True,1305,33
21601792,2026-06-20,apartment,for-sale,236000,new,True,461,3
21636460,2026-06-20,apartment,for-sale,437600,new,True,44,0
21636447,2026-06-20,apartment,for-sale,396900,new,True,46,0
21636316,2026-06-20,apartment,for-sale,449000,new,True,568,12
21636155,2026-06-20,apartment,for-sale,525000,new,True,489,7
21636149,2026-06-20,apartment,for-sale,285000,new,True,339,4
21636033,2026-06-20,apartment,for-sale,379000,new,True,385,6
21636032,2026-06-20,apartment,for-sale,249000,new,True,615,12
21635942,2026-06-20,apartment,for-sale,234000,new,True,352,5
21635779,2026-06-20,apartment,for-sale,465000,new,True,369,10
21635690,2026-06-20,apartment,for-sale,144000,new,True,676,9
21635278,2026-06-20,apartment,for-sale,689000,new,True,434,13
21635247,2026-06-20,apartment,for-sale,399000,new,True,340,7
21635207,2026-06-20,apartment,for-sale,290000,new,True,279,1
21635204,2026-06-20,apartment,for-sale,310000,new,True,139,0
21635212,2026-06-20,apartment,for-sale,249000,new,True,93,2
21634983,2026-06-20,apartment,for-sale,400000,new,True,460,6
21634962,2026-06-20,apartment,for-sale,,new,True,506,7
21634684,2026-06-20,apartment,for-sale,375000,new,True,290,12
21634667,2026-06-20,apartment,for-sale,369000,new,True,752,1
21634654,2026-06-20,apartment,for-sale,480000,new,True,926,10
21633048,2026-06-20,apartment,for-sale,475000,new,True,321,6
21633040,2026-06-20,apartment,for-sale,269000,under_option,True,2446,36
21632984,2026-06-20,apartment,for-sale,415000,new,True,776,11
21632922,2026-06-20,apartment_group,for-sale,,new,True,64,3
21632864,2026-06-20,apartment_group,for-sale,,new,True,70,1
21632744,2026-06-20,apartment,for-sale,439000,new,True,326,4
21632362,2026-06-20,apartment,for-sale,359000,new,True,171,1
21632173,2026-06-20,apartment,for-sale,149000,new,True,580,17
21632043,2026-06-20,apartment,for-sale,161500,new,True,115,2
21632041,2026-06-20,apartment,for-sale,180500,new,True,87,0
21632039,2026-06-20,apartment,for-sale,204250,new,True,73,1
21632042,2026-06-20,apartment,for-sale,450000,new,True,233,2
21631992,2026-06-20,apartment,for-sale,269000,new,True,1988,19
21631272,2026-06-20,apartment,for-sale,298000,new,True,1105,10
21311590,2026-06-20,apartment,for-sale,1255000,,True,220,1
21367619,2026-06-20,apartment,for-sale,1630000,,True,543,3
21658741,2026-06-20,apartment,for-rent,850,new,True,7,0
21638108,2026-06-20,apartment,for-rent,990,new,True,273,8
21658637,2026-06-20,apartment,for-rent,875,new,True,39,1
21658537,2026-06-20,apartment,for-rent,1700,new,True,54,4
21658333,2026-06-20,apartment,for-rent,990,new,True,146,5
21658239,2026-06-20,apartment,for-rent,1375,new,True,69,5
21658202,2026-06-20,apartment,for-rent,1345,new,True,64,0
21658155,2026-06-20,apartment,for-rent,905,new,True,153,7
21658084,2026-06-20,apartment,for-rent,875,new,True,108,3
21658082,2026-06-20,apartment,for-rent,1450,new,True,63,0
21658045,2026-06-20,apartment,for-rent,700,new,True,335,22
21657856,2026-06-20,apartment,for-rent,1300,new,True,104,0
21657790,2026-06-20,apartment,for-rent,765,new,True,330,29
21657558,2026-06-20,apartment,for-rent,595,new,True,241,15
21656982,2026-06-20,apartment,for-rent,1135,new,True,42,0
21656963,2026-06-20,apartment,for-rent,900,new,True,470,24
21640723,2026-06-20,apartment,for-rent,1620,new,True,460,9
21639468,2026-06-20,apartment,for-rent,510,new,True,1628,62
21639336,2026-06-20,apartment,for-rent,1850,new,True,401,6
21639091,2026-06-20,apartment,for-rent,900,new,True,2269,114
21639020,2026-06-20,apartment,for-rent,1270,new,True,617,22
21638974,2026-06-20,apartment,for-rent,890,new,True,308,10
21638793,2026-06-20,apartment,for-rent,1100,new,True,812,16
21612536,2026-06-20,apartment,for-rent,1085,new,True,1035,40
21638328,2026-06-20,apartment,for-rent,900,new,True,593,20
21638095,2026-06-20,apartment,for-rent,520,new,True,1801,61
21638094,2026-06-20,apartment,for-rent,775,new,True,1362,48
21637952,2026-06-20,apartment,for-rent,1000,under_option,True,492,10
21637908,2026-06-20,apartment,for-rent,850,new,True,2325,92
21517928,2026-06-20,apartment,for-rent,1575,,True,1579,21
21637615,2026-06-20,apartment,for-rent,1275,new,True,701,17
21637574,2026-06-20,apartment,for-rent,1400,new,True,300,1
21637399,2026-06-20,apartment,for-rent,680,new,True,1710,108
21637037,2026-06-20,apartment,for-rent,600,new,True,462,13
21637025,2026-06-20,apartment,for-rent,1300,new,True,227,7
21637010,2026-06-20,apartment,for-rent,1250,new,True,232,8
21636995,2026-06-20,apartment,for-rent,1175,new,True,735,31
21636760,2026-06-20,apartment,for-rent,890,new,True,816,20
21636692,2026-06-20,apartment,for-rent,1095,new,True,1646,47
21539935,2026-06-20,apartment,for-rent,1125,,True,1821,47
21636407,2026-06-20,apartment,for-rent,835,new,True,709,25
21636343,2026-06-20,apartment,for-rent,1550,new,True,283,0
21636317,2026-06-20,apartment,for-rent,1250,new,True,727,20
21636103,2026-06-20,apartment,for-rent,695,new,True,710,29
21635667,2026-06-20,apartment,for-rent,1250,new,True,428,13
21635637,2026-06-20,apartment,for-rent,1295,new,True,469,6
21635635,2026-06-20,apartment,for-rent,635,new,True,854,32
21635340,2026-06-20,apartment,for-rent,825,new,True,398,12
21635142,2026-06-20,apartment,for-rent,780,new,True,752,24
21634807,2026-06-20,apartment,for-rent,740,new,True,949,41
21634784,2026-06-20,apartment,for-rent,1325,new,True,1013,25
21634645,2026-06-20,apartment,for-rent,1025,new,True,739,13
21634176,2026-06-20,apartment,for-rent,1785,new,True,152,4
21633605,2026-06-20,apartment,for-rent,885,new,True,2320,73
21633525,2026-06-20,apartment,for-rent,1530,new,True,533,11
21633286,2026-06-20,apartment,for-rent,1000,new,True,908,33
21633196,2026-06-20,apartment,for-rent,975,new,True,701,16
21632354,2026-06-20,apartment,for-rent,665,new,True,803,22
21632295,2026-06-20,apartment,for-rent,695,new,True,1090,33
21631307,2026-06-20,apartment,for-rent,845,new,True,580,12
21631042,2026-06-20,apartment,for-rent,730,new,True,1230,63
21630508,2026-06-20,apartment,for-rent,1225,new,True,1033,28
21630454,2026-06-20,apartment,for-rent,1400,new,True,343,6
21629934,2026-06-20,apartment,for-rent,1300,new,True,472,17
21629706,2026-06-20,apartment,for-rent,1950,new,True,425,9
21629681,2026-06-20,apartment,for-rent,1150,under_option,True,468,18
21629565,2026-06-20,apartment,for-rent,780,under_option,True,1479,53
21629434,2026-06-20,apartment,for-rent,995,under_option,True,729,16
21629380,2026-06-20,apartment,for-rent,975,new,True,906,24
21628985,2026-06-20,apartment,for-rent,585,new,True,1107,53
21628089,2026-06-20,apartment,for-rent,1200,new,True,766,25
21627926,2026-06-20,apartment,for-rent,1900,new,True,379,11
21627909,2026-06-20,apartment,for-rent,1050,under_option,True,1211,30
21627131,2026-06-20,apartment,for-rent,2860,new,True,323,6
21626993,2026-06-20,apartment,for-rent,625,new,True,1745,99
21626753,2026-06-20,apartment,for-rent,950,new,True,1053,35
21517945,2026-06-20,apartment,for-rent,900,,True,3012,97
21626156,2026-06-20,apartment,for-rent,630,new,True,1620,52
21625878,2026-06-20,apartment,for-rent,850,new,True,1485,40
21625841,2026-06-20,apartment,for-rent,1150,new,True,349,1
21625823,2026-06-20,apartment,for-rent,1575,new,True,490,12
21625319,2026-06-20,apartment,for-rent,970,under_option,True,1720,76
21624932,2026-06-20,apartment,for-rent,1750,new,True,762,8
21624831,2026-06-20,apartment,for-rent,1140,new,True,1496,46
21624791,2026-06-20,apartment,for-rent,1495,under_option,True,489,10
21624247,2026-06-20,apartment,for-rent,1050,new,True,1689,50
21623755,2026-06-20,apartment,for-rent,750,new,True,1555,67
21623719,2026-06-20,apartment,for-rent,1095,new,True,912,15
21623653,2026-06-20,apartment,for-rent,890,new,True,1141,54
21623353,2026-06-20,apartment,for-rent,800,new,True,1562,60
21622916,2026-06-20,apartment,for-rent,1300,new,True,683,22
21659737,2026-06-21,house,for-sale,345000,new,True,0,0
21659673,2026-06-21,house,for-sale,275000,new,True,0,0
21659660,2026-06-21,house,for-sale,369000,new,True,205,2
21659653,2026-06-21,house,for-sale,635000,new,True,155,2
21659615,2026-06-21,house,for-sale,169000,new,True,82,1
21659541,2026-06-21,house,for-sale,579945,new,True,8,0
21659293,2026-06-21,house,for-sale,397000,new,True,455,5
21659165,2026-06-21,house,for-sale,654000,new,True,209,0
21629873,2026-06-21,house,for-sale,750000,new,True,1137,5
21629844,2026-06-21,house,for-sale,269000,new,True,1083,8
21629785,2026-06-21,house,for-sale,559000,new,True,1696,39
21629776,2026-06-21,house,for-sale,395000,new,True,2517,44
21629675,2026-06-21,house,for-sale,445000,new,True,3097,90
21629673,2026-06-21,house,for-sale,499000,new,True,2091,23
21629530,2026-06-21,house,for-sale,449000,new,True,773,14
21629281,2026-06-21,house,for-sale,270000,new,True,845,10
21629174,2026-06-21,house,for-sale,319000,new,True,882,5
21628783,2026-06-21,house,for-sale,420000,under_option,True,3033,59
21628507,2026-06-21,house,for-sale,630000,new,True,605,18
21628138,2026-06-21,house,for-sale,289000,new,True,1760,40
21627929,2026-06-21,house,for-sale,690000,new,True,653,8
21627879,2026-06-21,house,for-sale,750000,new,True,2506,32
21627538,2026-06-21,house,for-sale,875000,new,True,2523,13
21627217,2026-06-21,house,for-sale,399000,new,True,2796,28
21626494,2026-06-21,house,for-sale,297000,new,True,2406,51
21625885,2026-06-21,house,for-sale,565000,new,True,823,3
21625375,2026-06-21,house,for-sale,349000,new,True,2161,37
21625374,2026-06-21,house,for-sale,799000,new,True,978,9
21625326,2026-06-21,house,for-sale,415000,new,True,939,6
21625225,2026-06-21,house,for-sale,325000,new,True,1066,30
21624973,2026-06-21,house,for-sale,450000,new,True,1174,13
21624917,2026-06-21,house,for-sale,995000,new,True,2349,27
21624772,2026-06-21,house,for-sale,595000,new,True,835,6
21624716,2026-06-21,house,for-sale,375000,new,True,778,6
21624678,2026-06-21,house,for-sale,700000,new,True,2184,43
21624525,2026-06-21,house,for-sale,1550000,new,True,585,16
21624380,2026-06-21,house,for-sale,575000,new,True,2838,41
21557769,2026-06-21,house,for-sale,285000,,True,3108,39
21624351,2026-06-21,house,for-sale,268000,new,True,1958,45
21623938,2026-06-21,house,for-sale,437700,new,True,129,2
21623935,2026-06-21,house,for-sale,434900,new,True,117,1
21623928,2026-06-21,house,for-sale,448300,new,True,131,2
21623764,2026-06-21,house,for-sale,510000,new,True,4233,33
21623754,2026-06-21,house,for-sale,288000,new,True,1178,11
21623243,2026-06-21,house,for-sale,395000,new,True,3735,57
21446221,2026-06-21,house,for-sale,250000,,True,5880,70
21623191,2026-06-21,house,for-sale,385000,new,True,1445,15
21623009,2026-06-21,house,for-sale,518000,new,True,166,1
21623022,2026-06-21,house,for-sale,566000,new,True,100,0
21623008,2026-06-21,house,for-sale,518000,new,True,77,0
21623007,2026-06-21,house,for-sale,556000,new,True,57,0
21623006,2026-06-21,house,for-sale,566000,new,True,40,0
21623005,2026-06-21,house,for-sale,554000,new,True,42,0
21623021,2026-06-21,house,for-sale,518000,new,True,59,0
21623004,2026-06-21,house,for-sale,509000,new,True,49,0
21623002,2026-06-21,house,for-sale,518000,new,True,45,0
21623003,2026-06-21,house,for-sale,500000,new,True,152,0
21623000,2026-06-21,house,for-sale,518000,new,True,28,1
21622999,2026-06-21,house,for-sale,518000,new,True,72,0
21622998,2026-06-21,house,for-sale,547000,new,True,80,0
21623001,2026-06-21,house,for-sale,518000,new,True,27,0
21622997,2026-06-21,house,for-sale,566000,new,True,39,1
21622995,2026-06-21,house,for-sale,500000,new,True,71,0
21622996,2026-06-21,house,for-sale,518000,new,True,36,0
21554940,2026-06-21,house,for-sale,350000,,True,3244,50
21622620,2026-06-21,house,for-sale,315000,new,True,773,9
21622619,2026-06-21,house,for-sale,299000,new,True,538,4
21622235,2026-06-21,house,for-sale,395000,new,True,784,8
21622230,2026-06-21,house,for-sale,1245000,new,True,1108,17
21622194,2026-06-21,house,for-sale,349000,new,True,675,5
21622010,2026-06-21,house,for-sale,480000,new,True,6021,54
21621857,2026-06-21,house,for-sale,320000,new,True,1164,18
21621846,2026-06-21,house,for-sale,949000,new,True,943,15
21621638,2026-06-21,house,for-sale,495000,new,True,1461,14
21621458,2026-06-21,house,for-sale,365000,new,True,1033,20
21621442,2026-06-21,house,for-sale,269000,new,True,1108,7
21621406,2026-06-21,house,for-sale,,new,True,1399,21
21621363,2026-06-21,house,for-sale,420000,new,True,432,4
21621341,2026-06-21,house,for-sale,349000,new,True,508,3
21621213,2026-06-21,house,for-sale,375000,new,True,561,3
21621142,2026-06-21,house,for-sale,285000,new,True,606,6
21621141,2026-06-21,house,for-sale,324000,new,True,797,12
21621102,2026-06-21,house,for-sale,399000,new,True,1588,16
21659269,2026-06-21,house,for-rent,1190,new,True,377,14
21659124,2026-06-21,house,for-rent,950,new,True,240,4
21642362,2026-06-21,house,for-rent,1099,new,True,1342,31
21526527,2026-06-21,house,for-rent,1500,,True,1777,42
21645744,2026-06-21,house,for-rent,1095,new,True,614,7
21645325,2026-06-21,house,for-rent,1150,new,True,825,17
21649471,2026-06-21,house,for-rent,970,new,True,237,1
21649289,2026-06-21,house,for-rent,790,new,True,868,17
21648709,2026-06-21,house,for-rent,1500,new,True,408,3
21652919,2026-06-21,house,for-rent,1125,new,True,412,14
21652667,2026-06-21,house,for-rent,1595,new,True,283,8
21652240,2026-06-21,house,for-rent,2500,new,True,244,3
21652160,2026-06-21,house,for-rent,1260,new,True,494,7
21650810,2026-06-21,house,for-rent,1200,new,True,429,6
21655139,2026-06-21,house,for-rent,1295,new,True,494,11
21653758,2026-06-21,house,for-rent,1100,new,True,712,31
21653640,2026-06-21,house,for-rent,1140,new,True,453,5
21653447,2026-06-21,house,for-rent,1475,new,True,446,18
21640759,2026-06-21,house,for-rent,1100,new,True,2310,34
21640579,2026-06-21,house,for-rent,1100,under_option,True,1565,43
21638531,2026-06-21,house,for-rent,1250,new,True,1332,36
21638517,2026-06-21,house,for-rent,1450,new,True,1329,30
21638265,2026-06-21,house,for-rent,1350,new,True,817,23
21637642,2026-06-21,house,for-rent,1395,new,True,676,14
21637417,2026-06-21,house,for-rent,1475,new,True,1207,38
21637130,2026-06-21,house,for-rent,980,new,True,1287,50
21637127,2026-06-21,house,for-rent,1350,new,True,509,9
21636866,2026-06-21,house,for-rent,1400,new,True,944,32
21636239,2026-06-21,house,for-rent,1250,new,True,621,8
21635977,2026-06-21,house,for-rent,1475,new,True,601,17
21635596,2026-06-21,house,for-rent,1700,new,True,856,15
21634977,2026-06-21,house,for-rent,860,new,True,2691,77
21631532,2026-06-21,house,for-rent,1200,new,True,1313,21
21604122,2026-06-21,house,for-rent,570,new,True,2661,76
21629752,2026-06-21,house,for-rent,2150,new,True,295,8
21628042,2026-06-21,house,for-rent,1550,new,True,901,13
21627699,2026-06-21,house,for-rent,4500,new,True,445,3
21625643,2026-06-21,house,for-rent,1500,new,True,3890,109
21448770,2026-06-21,house,for-rent,1350,,True,881,13
21624626,2026-06-21,house,for-rent,940,new,True,1287,7
21624596,2026-06-21,house,for-rent,1500,new,True,4039,45
21605569,2026-06-21,house,for-rent,1550,new,True,1626,23
21623598,2026-06-21,house,for-rent,1239,new,True,922,22
21623255,2026-06-21,house,for-rent,1690,new,True,1612,35
21623032,2026-06-21,house,for-rent,1575,new,True,584,10
21622874,2026-06-21,house,for-rent,1300,new,True,364,12
21622141,2026-06-21,house,for-rent,2200,new,True,382,2
21622006,2026-06-21,house,for-rent,2650,new,True,514,5
21620094,2026-06-21,house,for-rent,1435,new,True,1119,27
21619563,2026-06-21,house,for-rent,1600,new,True,259,1
21609584,2026-06-21,house,for-rent,970,new,True,3375,92
21608177,2026-06-21,house,for-rent,1350,new,True,2000,48
21607404,2026-06-21,house,for-rent,950,new,True,2054,72
21606027,2026-06-21,house,for-rent,1050,new,True,663,15
21605335,2026-06-21,house,for-rent,1470,new,True,1405,19
21604376,2026-06-21,house,for-rent,1445,new,True,1176,28
21602701,2026-06-21,house,for-rent,2300,new,True,819,7
21602585,2026-06-21,house,for-rent,1150,under_option,True,2720,65
21598406,2026-06-21,house,for-rent,2050,,True,561,15
21597352,2026-06-21,house,for-rent,900,,True,4060,146
21596921,2026-06-21,house,for-rent,825,,True,1570,50
21596896,2026-06-21,house,for-rent,1200,under_option,True,991,8
21593704,2026-06-21,house,for-rent,1595,,True,2023,41
21591198,2026-06-21,house,for-rent,2360,,True,557,2
21590451,2026-06-21,house,for-rent,815,,True,4013,127
21590448,2026-06-21,house,for-rent,975,,True,5884,191
21590234,2026-06-21,house,for-rent,800,,True,2729,93
21589001,2026-06-21,house,for-rent,1050,,True,3101,67
21578580,2026-06-21,house,for-rent,1050,,True,2332,47
21586773,2026-06-21,house,for-rent,900,,True,822,21
21585776,2026-06-21,house,for-rent,1575,,True,1056,19
21582127,2026-06-21,house,for-rent,2000,,True,786,12
21581285,2026-06-21,house,for-rent,1700,,True,2016,48
21579317,2026-06-21,house,for-rent,1250,,True,2814,85
21579213,2026-06-21,house,for-rent,970,,True,3996,69
21563446,2026-06-21,house,for-rent,1150,,True,2043,63
21556832,2026-06-21,house,for-rent,2900,,True,1000,11
21659736,2026-06-21,apartment,for-sale,275000,new,True,0,0
21659650,2026-06-21,apartment,for-sale,265000,new,True,10,0
21659540,2026-06-21,apartment,for-sale,180000,new,True,3,0
21659468,2026-06-21,apartment,for-sale,315000,new,True,63,0
21659465,2026-06-21,apartment,for-sale,396900,new,True,33,0
21367620,2026-06-21,apartment,for-sale,780500,,True,366,2
21442258,2026-06-21,apartment,for-sale,1380000,,True,738,5
21630534,2026-06-21,apartment,for-sale,319000,under_option,True,70,0
21630483,2026-06-21,apartment,for-sale,489000,new,True,72,0
21630257,2026-06-21,apartment,for-sale,260000,new,True,342,5
21629966,2026-06-21,apartment_group,for-sale,,new,True,108,1
21629963,2026-06-21,apartment,for-sale,499000,new,True,77,0
21629960,2026-06-21,apartment,for-sale,497500,new,True,96,0
21629851,2026-06-21,apartment,for-sale,310000,new,True,395,16
21629843,2026-06-21,apartment,for-sale,364000,new,True,328,6
21629841,2026-06-21,apartment,for-sale,980000,under_option,True,411,6
21629775,2026-06-21,apartment,for-sale,270000,new,True,548,9
21629677,2026-06-21,apartment,for-sale,295000,new,True,594,7
21629612,2026-06-21,apartment,for-sale,365000,new,True,295,4
21629286,2026-06-21,apartment,for-sale,235000,new,True,511,9
21629179,2026-06-21,apartment,for-sale,525000,new,True,633,15
21628774,2026-06-21,apartment,for-sale,263000,new,True,378,5
21628749,2026-06-21,apartment,for-sale,358500,new,True,100,0
21628747,2026-06-21,apartment_group,for-sale,,new,True,134,0
21628447,2026-06-21,apartment,for-sale,359000,new,True,1118,29
21628203,2026-06-21,apartment,for-sale,575000,new,True,432,5
21628112,2026-06-21,apartment,for-sale,194750,new,True,95,0
21628110,2026-06-21,apartment,for-sale,190000,new,True,40,1
21628109,2026-06-21,apartment,for-sale,199500,new,True,76,0
21628108,2026-06-21,apartment,for-sale,152000,new,True,133,1
21628048,2026-06-21,apartment,for-sale,815000,new,True,200,2
21627471,2026-06-21,apartment,for-sale,665000,new,True,223,0
21627101,2026-06-21,apartment,for-sale,249000,new,True,366,4
21627002,2026-06-21,apartment,for-sale,1175000,new,True,339,5
21626522,2026-06-21,apartment,for-sale,345000,new,True,569,10
21626486,2026-06-21,apartment,for-sale,985000,new,True,582,5
21626439,2026-06-21,apartment,for-sale,1395000,new,True,470,7
21626310,2026-06-21,apartment,for-sale,239000,new,True,611,12
21625913,2026-06-21,apartment,for-sale,495000,new,True,371,9
21625853,2026-06-21,apartment,for-sale,565000,new,True,476,3
21625397,2026-06-21,apartment,for-sale,459000,new,True,560,12
21624905,2026-06-21,apartment,for-sale,194750,new,True,127,0
21624903,2026-06-21,apartment,for-sale,1995000,new,True,318,0
21624886,2026-06-21,apartment_group,for-sale,,new,True,134,2
21624390,2026-06-21,apartment,for-sale,949000,new,True,338,7
21624354,2026-06-21,apartment,for-sale,439000,new,True,2556,50
21624155,2026-06-21,apartment,for-sale,185250,new,True,142,1
21624137,2026-06-21,apartment,for-sale,190000,new,True,57,0
21624136,2026-06-21,apartment,for-sale,194750,new,True,122,0
21624135,2026-06-21,apartment,for-sale,494000,new,True,45,0
21624154,2026-06-21,apartment,for-sale,461000,new,True,39,1
21624134,2026-06-21,apartment,for-sale,452000,new,True,37,1
21624132,2026-06-21,apartment,for-sale,509000,new,True,85,0
21624133,2026-06-21,apartment,for-sale,310000,new,True,147,4
21624130,2026-06-21,apartment,for-sale,528000,new,True,20,0
21624129,2026-06-21,apartment,for-sale,445000,new,True,50,0
21624128,2026-06-21,apartment,for-sale,190000,new,True,76,0
21623930,2026-06-21,apartment,for-sale,528200,new,True,44,0
21623927,2026-06-21,apartment,for-sale,574100,new,True,36,0
21623743,2026-06-21,apartment,for-sale,195000,new,True,337,10
21623430,2026-06-21,apartment,for-sale,945000,new,True,632,11
21623012,2026-06-21,apartment,for-sale,209000,new,True,98,0
21623025,2026-06-21,apartment,for-sale,218500,new,True,54,0
21623011,2026-06-21,apartment,for-sale,209000,new,True,68,1
21623010,2026-06-21,apartment,for-sale,209000,new,True,49,1
21623023,2026-06-21,apartment,for-sale,209000,new,True,42,0
21622984,2026-06-21,apartment,for-sale,799000,new,True,445,8
21622938,2026-06-21,apartment,for-sale,379000,new,True,1244,18
21622271,2026-06-21,apartment,for-sale,329000,new,True,530,8
21622158,2026-06-21,apartment,for-sale,215000,new,True,569,12
21621892,2026-06-21,apartment,for-sale,485000,new,True,627,8
21621773,2026-06-21,apartment,for-sale,360000,new,True,1174,6
21621647,2026-06-21,apartment,for-sale,209000,new,True,545,21
21621601,2026-06-21,apartment_group,for-sale,,new,True,133,2
21621577,2026-06-21,apartment,for-sale,895000,new,True,85,1
21621571,2026-06-21,apartment,for-sale,1750000,new,True,109,0
21621307,2026-06-21,apartment,for-sale,499000,new,True,209,0
21621247,2026-06-21,apartment,for-sale,349000,new,True,544,9
21621209,2026-06-21,apartment,for-sale,435000,new,True,545,8
21621127,2026-06-21,apartment,for-sale,449000,new,True,624,12
21659717,2026-06-21,apartment,for-rent,875,new,True,0,0
21659695,2026-06-21,apartment,for-rent,990,new,True,21,1
21595014,2026-06-21,apartment,for-rent,1200,,True,436,18
21659648,2026-06-21,apartment,for-rent,875,new,True,58,3
21659644,2026-06-21,apartment,for-rent,1200,new,True,7,0
21659579,2026-06-21,apartment,for-rent,750,new,True,28,0
21659473,2026-06-21,apartment,for-rent,1570,new,True,119,6
21659411,2026-06-21,apartment,for-rent,790,new,True,179,5
21659405,2026-06-21,apartment,for-rent,800,new,True,204,4
21555335,2026-06-21,apartment,for-rent,1320,,True,1728,37
21622864,2026-06-21,apartment,for-rent,1450,new,True,391,2
21622628,2026-06-21,apartment,for-rent,990,new,True,1440,44
21622358,2026-06-21,apartment,for-rent,1500,new,True,1009,21
21621941,2026-06-21,apartment,for-rent,1380,new,True,155,0
21621770,2026-06-21,apartment,for-rent,735,new,True,164,5
21621706,2026-06-21,apartment,for-rent,525,new,True,539,13
21621556,2026-06-21,apartment,for-rent,1050,new,True,2107,93
21621305,2026-06-21,apartment,for-rent,1110,new,True,449,13
21621176,2026-06-21,apartment,for-rent,555,new,True,1689,26
21621107,2026-06-21,apartment,for-rent,900,new,True,799,19
21620809,2026-06-21,apartment,for-rent,900,new,True,583,15
21620732,2026-06-21,apartment,for-rent,795,new,True,1616,108
21620493,2026-06-21,apartment,for-rent,1235,new,True,782,22
21620093,2026-06-21,apartment,for-rent,1435,new,True,521,12
21620083,2026-06-21,apartment,for-rent,860,new,True,2296,69
21620082,2026-06-21,apartment,for-rent,1200,under_option,True,1020,18
21619832,2026-06-21,apartment,for-rent,1680,new,True,300,3
21619671,2026-06-21,apartment,for-rent,995,new,True,835,28
21619660,2026-06-21,apartment,for-rent,1650,new,True,228,4
21619659,2026-06-21,apartment,for-rent,1650,new,True,261,9
21619483,2026-06-21,apartment,for-rent,1150,new,True,1035,37
21600963,2026-06-21,apartment,for-rent,990,,True,1613,40
21619405,2026-06-21,apartment,for-rent,875,new,True,1104,27
21619152,2026-06-21,apartment,for-rent,1250,new,True,353,1
21618252,2026-06-21,apartment,for-rent,1225,new,True,1185,31
21617673,2026-06-21,apartment,for-rent,650,new,True,831,16
21617636,2026-06-21,apartment,for-rent,895,new,True,1214,31
21617158,2026-06-21,apartment,for-rent,950,new,True,1882,70
21617023,2026-06-21,apartment,for-rent,950,new,True,815,23
21617010,2026-06-21,apartment,for-rent,950,new,True,1122,21
21616998,2026-06-21,apartment,for-rent,530,new,True,1465,44
21616230,2026-06-21,apartment,for-rent,1300,new,True,668,17
21616202,2026-06-21,apartment,for-rent,1400,new,True,615,13
21615990,2026-06-21,apartment,for-rent,950,under_option,True,3620,158
21615878,2026-06-21,apartment,for-rent,412,new,True,1813,30
21615856,2026-06-21,apartment,for-rent,875,under_option,True,1023,43
21615792,2026-06-21,apartment,for-rent,1800,new,True,330,5
21615381,2026-06-21,apartment,for-rent,1300,new,True,399,6
21615358,2026-06-21,apartment,for-rent,1300,new,True,241,6
21613843,2026-06-21,apartment,for-rent,1200,new,True,1166,21
21612532,2026-06-21,apartment,for-rent,795,new,True,893,50
21612000,2026-06-21,apartment,for-rent,1649,new,True,223,5
21470436,2026-06-21,apartment,for-rent,1050,,True,837,15
21611340,2026-06-21,apartment,for-rent,1000,new,True,2346,60
21611271,2026-06-21,apartment,for-rent,1375,new,True,872,31
21610961,2026-06-21,apartment,for-rent,1300,new,True,914,33
21609922,2026-06-21,apartment,for-rent,1175,new,True,971,33
21609829,2026-06-21,apartment,for-rent,895,new,True,325,6
21609563,2026-06-21,apartment,for-rent,865,new,True,1246,55
21608011,2026-06-21,apartment,for-rent,890,new,True,4006,185
21607762,2026-06-21,apartment,for-rent,1500,new,True,944,35
21605916,2026-06-21,apartment,for-rent,875,new,True,1591,98
21605698,2026-06-21,apartment,for-rent,573,new,True,1915,74
21605426,2026-06-21,apartment,for-rent,1250,new,True,944,45
21605159,2026-06-21,apartment,for-rent,1500,new,True,205,5
21604330,2026-06-21,apartment,for-rent,890,new,True,1843,53
21604127,2026-06-21,apartment,for-rent,1050,new,True,1143,35
21602122,2026-06-21,apartment,for-rent,1400,under_option,True,589,16
21602044,2026-06-21,apartment,for-rent,1150,new,True,1028,23
21601831,2026-06-21,apartment,for-rent,1100,new,True,1889,71
21560065,2026-06-21,apartment,for-rent,1250,,True,1335,23
21600929,2026-06-21,apartment,for-rent,920,,True,703,30
21599603,2026-06-21,apartment,for-rent,1625,,True,892,21
21599115,2026-06-21,apartment,for-rent,1540,,True,392,8
21598405,2026-06-21,apartment,for-rent,1400,under_option,True,663,13
11444557,2026-06-21,apartment,for-rent,950,under_option,True,3957,129
21438077,2026-06-21,apartment,for-rent,600,,True,2266,31
21597856,2026-06-21,apartment,for-rent,1075,,True,1123,19
21596583,2026-06-21,apartment,for-rent,850,,True,4316,158
21596271,2026-06-21,apartment,for-rent,1160,,True,1371,28
21596138,2026-06-21,apartment,for-rent,1010,under_option,True,1085,39
21596057,2026-06-21,apartment,for-rent,1390,under_option,True,692,22
21595651,2026-06-21,apartment,for-rent,1995,,True,494,5
21594928,2026-06-21,apartment,for-rent,1150,,True,326,4
21594302,2026-06-21,apartment,for-rent,620,,True,2373,113
21662075,2026-06-22,house,for-sale,360000,new,True,0,0
21661721,2026-06-22,house,for-sale,599000,new,True,0,0
21661655,2026-06-22,house,for-sale,435000,new,True,126,3
21661624,2026-06-22,house,for-sale,162500,new,True,8,0
21661536,2026-06-22,house,for-sale,895000,new,True,162,4
21661528,2026-06-22,house,for-sale,395000,new,True,68,2
21661518,2026-06-22,house,for-sale,,new,True,0,0
21661453,2026-06-22,house,for-sale,395000,new,True,0,0
21661449,2026-06-22,house_group,for-sale,,new,True,0,0
21661418,2026-06-22,house,for-sale,259000,under_option,True,205,14
21660828,2026-06-22,house_group,for-sale,,new,True,2,0
21660766,2026-06-22,house,for-sale,595000,new,True,0,0
21660763,2026-06-22,house,for-sale,605000,new,True,0,0
21660545,2026-06-22,house,for-sale,579000,new,True,0,0
21660528,2026-06-22,house,for-sale,310900,new,True,0,0
21660471,2026-06-22,house,for-sale,895000,new,True,49,1
21660309,2026-06-22,house,for-sale,485000,new,True,0,0
21660259,2026-06-22,house,for-sale,449000,new,True,0,0
21660073,2026-06-22,house,for-sale,675000,new,True,27,0
21660016,2026-06-22,house,for-sale,585000,new,True,501,16
21659948,2026-06-22,house,for-sale,419000,new,True,291,1
21571587,2026-06-22,house,for-sale,569000,,True,1289,9
21621100,2026-06-22,house,for-sale,280000,new,True,334,5
21620882,2026-06-22,house,for-sale,1100000,new,True,324,4
21620814,2026-06-22,house,for-sale,785000,new,True,1645,18
21620455,2026-06-22,house,for-sale,1240000,new,True,1867,33
21620186,2026-06-22,house,for-sale,439000,new,True,940,8
21620145,2026-06-22,house,for-sale,595000,new,True,997,20
21620059,2026-06-22,house,for-sale,495000,new,True,5513,97
21620040,2026-06-22,house_group,for-sale,,new,True,153,1
21620015,2026-06-22,house,for-sale,375000,new,True,2605,40
21619968,2026-06-22,house,for-sale,429000,new,True,1449,14
21619619,2026-06-22,house,for-sale,295000,new,True,748,23
21619554,2026-06-22,house,for-sale,399000,new,True,1586,9
21619386,2026-06-22,house,for-sale,445000,new,True,2334,26
21618502,2026-06-22,house,for-sale,650000,new,True,1456,8
21618306,2026-06-22,house,for-sale,121000,new,True,2074,57
21618288,2026-06-22,house,for-sale,1100000,new,True,2217,29
21618185,2026-06-22,house,for-sale,349000,new,True,1304,38
21618081,2026-06-22,house,for-sale,775000,new,True,3815,80
21618070,2026-06-22,house,for-sale,479490,new,True,47,0
21618051,2026-06-22,house,for-sale,439490,new,True,39,0
21618043,2026-06-22,house,for-sale,479490,new,True,50,0
21618030,2026-06-22,house,for-sale,489620,new,True,41,0
21618011,2026-06-22,house,for-sale,549420,new,True,36,0
21618000,2026-06-22,house,for-sale,549420,new,True,44,0
21617796,2026-06-22,house,for-sale,298000,new,True,1344,24
21616759,2026-06-22,house,for-sale,299000,new,True,915,10
21616395,2026-06-22,house,for-sale,380000,new,True,548,5
21616037,2026-06-22,house,for-sale,315000,new,True,409,0
21616029,2026-06-22,house,for-sale,315000,new,True,309,3
21615955,2026-06-22,house,for-sale,699000,new,True,971,5
21615650,2026-06-22,house,for-sale,395000,new,True,1747,18
21615595,2026-06-22,house,for-sale,399000,new,True,1110,17
21615520,2026-06-22,house,for-sale,495000,under_option,True,5344,147
21615419,2026-06-22,house,for-sale,315000,new,True,211,1
21615414,2026-06-22,house,for-sale,395000,under_option,True,2906,44
21615038,2026-06-22,house,for-sale,358000,new,True,992,6
21614227,2026-06-22,house,for-sale,449000,new,True,1991,41
21614223,2026-06-22,house,for-sale,374900,new,True,2337,31
21613865,2026-06-22,house,for-sale,389000,new,True,2132,79
21613863,2026-06-22,house,for-sale,374000,new,True,1313,23
21613738,2026-06-22,house,for-sale,325000,new,True,1264,22
21613714,2026-06-22,house,for-sale,1545000,new,True,2713,27
21613646,2026-06-22,house,for-sale,399000,under_option,True,5767,106
21613518,2026-06-22,house,for-sale,425000,under_option,True,1135,7
21611814,2026-06-22,house,for-sale,494980,new,True,462,1
21611720,2026-06-22,house,for-sale,275000,new,True,1458,20
21611551,2026-06-22,house,for-sale,385000,new,True,733,12
21611029,2026-06-22,house,for-sale,420000,new,True,1327,11
21610585,2026-06-22,house,for-sale,400000,new,True,2645,77
21610503,2026-06-22,house,for-sale,858000,new,True,1834,15
21610145,2026-06-22,house,for-sale,595000,new,True,1443,16
21610128,2026-06-22,house,for-sale,299000,new,True,3310,83
21610095,2026-06-22,house,for-sale,398500,new,True,887,8
21610034,2026-06-22,house,for-sale,559000,new,True,517,3
21609815,2026-06-22,house,for-sale,595000,new,True,1554,17
21609671,2026-06-22,house,for-sale,357000,new,True,1189,11
21609413,2026-06-22,house,for-sale,290000,new,True,949,1
21609394,2026-06-22,house,for-sale,495000,new,True,821,9
21609288,2026-06-22,house,for-sale,369000,new,True,1293,11
21609259,2026-06-22,house,for-sale,265000,new,True,568,8
21609237,2026-06-22,house,for-sale,520000,under_option,True,3857,70
21608951,2026-06-22,house,for-sale,1947000,new,True,2431,20
21608592,2026-06-22,house,for-sale,790000,under_option,True,2796,50
21608331,2026-06-22,house,for-sale,450000,new,True,1435,4
21608236,2026-06-22,house,for-sale,595000,new,True,1296,26
21607600,2026-06-22,house,for-sale,399000,under_option,True,1088,32
21607597,2026-06-22,house,for-sale,249000,new,True,897,11
21607096,2026-06-22,house,for-sale,795000,new,True,949,9
21607095,2026-06-22,house,for-sale,429000,new,True,872,15
21606945,2026-06-22,house,for-sale,595000,new,True,695,16
21606941,2026-06-22,house,for-sale,1545000,new,True,872,14
21606834,2026-06-22,house,for-sale,150000,new,True,1946,16
21606822,2026-06-22,house,for-sale,399000,new,True,1402,17
21606786,2026-06-22,house,for-sale,225000,under_option,True,1226,13
21606637,2026-06-22,house,for-sale,519000,new,True,2646,19
21662162,2026-06-22,house,for-rent,1250,new,True,0,0
21660051,2026-06-22,house,for-rent,980,new,True,135,1
21549054,2026-06-22,house,for-rent,1590,under_option,True,1601,41
21548680,2026-06-22,house,for-rent,1250,,True,1816,56
21540343,2026-06-22,house,for-rent,2600,,True,1724,29
21533214,2026-06-22,house,for-rent,1250,,True,1638,29
21510722,2026-06-22,house,for-rent,1250,,True,2717,41
21485230,2026-06-22,house,for-rent,1800,under_option,True,1755,28
21403785,2026-06-22,house,for-rent,1400,,True,3635,87
21049697,2026-06-22,house,for-rent,3500,,True,8434,89
20133790,2026-06-22,house,for-rent,1450,,True,7951,65
21641264,2026-06-22,house,for-rent,1150,new,True,1233,23
21641017,2026-06-22,house,for-rent,1300,new,True,718,9
21642026,2026-06-22,house,for-rent,1150,new,True,1234,39
21641940,2026-06-22,house,for-rent,850,new,True,1643,63
21641714,2026-06-22,house,for-rent,1575,new,True,766,14
21642633,2026-06-22,house,for-rent,1300,new,True,876,21
21658668,2026-06-22,house,for-rent,1850,new,True,288,5
21658482,2026-06-22,house,for-rent,1200,new,True,617,14
21658373,2026-06-22,house,for-rent,1395,new,True,508,19
21657504,2026-06-22,house,for-rent,1100,new,True,640,12
21640759,2026-06-22,house,for-rent,1100,new,True,2436,37
21640579,2026-06-22,house,for-rent,1100,under_option,True,1603,45
21638531,2026-06-22,house,for-rent,1250,new,True,1372,38
21638517,2026-06-22,house,for-rent,1450,new,True,1390,30
21638265,2026-06-22,house,for-rent,1350,new,True,916,24
21637642,2026-06-22,house,for-rent,1395,new,True,720,14
21637417,2026-06-22,house,for-rent,1475,new,True,1237,39
21637130,2026-06-22,house,for-rent,980,new,True,1373,54
21636866,2026-06-22,house,for-rent,1400,new,True,984,33
21636239,2026-06-22,house,for-rent,1250,new,True,644,9
21635977,2026-06-22,house,for-rent,1475,new,True,639,17
21635596,2026-06-22,house,for-rent,1700,new,True,910,16
21634977,2026-06-22,house,for-rent,860,new,True,2809,78
21631532,2026-06-22,house,for-rent,1200,new,True,1372,27
21604122,2026-06-22,house,for-rent,570,new,True,2756,79
21629752,2026-06-22,house,for-rent,2150,new,True,303,8
21628042,2026-06-22,house,for-rent,1550,new,True,933,15
21627699,2026-06-22,house,for-rent,4500,new,True,465,3
21625643,2026-06-22,house,for-rent,1500,new,True,4011,115
21448770,2026-06-22,house,for-rent,1350,,True,888,13
21624626,2026-06-22,house,for-rent,940,new,True,1317,7
21624596,2026-06-22,house,for-rent,1500,new,True,4106,47
21605569,2026-06-22,house,for-rent,1550,new,True,1882,30
21623598,2026-06-22,house,for-rent,1239,new,True,944,22
21623255,2026-06-22,house,for-rent,1690,new,True,1670,35
21623032,2026-06-22,house,for-rent,1575,new,True,599,10
21622874,2026-06-22,house,for-rent,1300,new,True,373,13
21622141,2026-06-22,house,for-rent,2200,new,True,393,2
21622006,2026-06-22,house,for-rent,2650,new,True,531,6
21620094,2026-06-22,house,for-rent,1435,new,True,1145,27
21619563,2026-06-22,house,for-rent,1600,new,True,271,1
21609584,2026-06-22,house,for-rent,970,new,True,3445,94
21608177,2026-06-22,house,for-rent,1350,new,True,2025,49
21607404,2026-06-22,house,for-rent,950,new,True,2087,73
21606027,2026-06-22,house,for-rent,1050,new,True,668,15
21605335,2026-06-22,house,for-rent,1470,new,True,1429,20
21604376,2026-06-22,house,for-rent,1445,new,True,1197,29
21602701,2026-06-22,house,for-rent,2300,new,True,848,7
21602585,2026-06-22,house,for-rent,1150,under_option,True,2740,65
21598406,2026-06-22,house,for-rent,2050,,True,572,15
21597352,2026-06-22,house,for-rent,900,,True,4169,151
21596921,2026-06-22,house,for-rent,825,,True,1585,50
21596896,2026-06-22,house,for-rent,1200,under_option,True,1004,8
21593704,2026-06-22,house,for-rent,1595,,True,2060,41
21591198,2026-06-22,house,for-rent,2360,,True,576,2
21590451,2026-06-22,house,for-rent,815,,True,4084,129
21590448,2026-06-22,house,for-rent,975,,True,6021,197
21590234,2026-06-22,house,for-rent,800,,True,2783,94
21589001,2026-06-22,house,for-rent,1050,,True,3135,67
21578580,2026-06-22,house,for-rent,1050,,True,2366,48
21586773,2026-06-22,house,for-rent,900,,True,825,21
21585776,2026-06-22,house,for-rent,1575,,True,1069,20
21582127,2026-06-22,house,for-rent,2000,,True,809,13
21581285,2026-06-22,house,for-rent,1700,,True,2044,50
21579317,2026-06-22,house,for-rent,1250,,True,2853,87
21579213,2026-06-22,house,for-rent,970,,True,4049,70
21662123,2026-06-22,apartment,for-sale,299000,new,True,0,0
21566354,2026-06-22,apartment_group,for-sale,,,True,393,2
21661912,2026-06-22,apartment,for-sale,275000,new,True,0,0
21661810,2026-06-22,apartment,for-sale,270000,new,True,0,0
21661646,2026-06-22,apartment_group,for-sale,,new,True,10,1
21661630,2026-06-22,apartment_group,for-sale,,new,True,0,0
21661623,2026-06-22,apartment,for-sale,162500,new,True,1,0
21661558,2026-06-22,apartment,for-sale,285000,new,True,56,0
21661426,2026-06-22,apartment,for-sale,395000,new,True,0,0
21660628,2026-06-22,apartment,for-sale,,new,True,15,2
21660605,2026-06-22,apartment,for-sale,225000,new,True,0,0
21660258,2026-06-22,apartment,for-sale,235000,new,True,0,0
21660103,2026-06-22,apartment,for-sale,465000,new,True,10,0
21660102,2026-06-22,apartment,for-sale,449000,new,True,4,0
21660101,2026-06-22,apartment,for-sale,399000,new,True,4,0
21660099,2026-06-22,apartment,for-sale,449000,new,True,5,0
21660077,2026-06-22,apartment,for-sale,389000,new,True,75,2
21660039,2026-06-22,apartment,for-sale,310000,new,True,79,0
21659877,2026-06-22,apartment,for-sale,399000,new,True,70,1
21621126,2026-06-22,apartment,for-sale,449000,new,True,502,7
21620918,2026-06-22,apartment,for-sale,299000,new,True,197,7
21620921,2026-06-22,apartment,for-sale,299000,new,True,255,4
21620917,2026-06-22,apartment,for-sale,299000,new,True,185,4
21348580,2026-06-22,apartment,for-sale,315000,,True,2236,46
21620197,2026-06-22,apartment,for-sale,1650000,new,True,1457,25
21619793,2026-06-22,apartment,for-sale,215000,new,True,394,7
21619384,2026-06-22,apartment,for-sale,480000,new,True,64,0
21619010,2026-06-22,apartment,for-sale,515000,new,True,450,12
21618377,2026-06-22,apartment,for-sale,282500,new,True,869,18
21618273,2026-06-22,apartment,for-sale,157000,new,True,1016,21
21618237,2026-06-22,apartment,for-sale,252000,under_option,True,1105,15
21618107,2026-06-22,apartment,for-sale,469755,new,True,24,0
21618097,2026-06-22,apartment,for-sale,499818,new,True,25,0
21618083,2026-06-22,apartment,for-sale,424345,new,True,27,0
21618077,2026-06-22,apartment,for-sale,375000,under_option,True,1188,25
21617460,2026-06-22,apartment,for-sale,379000,new,True,541,11
21617398,2026-06-22,apartment,for-sale,249000,new,True,516,14
21617372,2026-06-22,apartment,for-sale,349000,under_option,True,775,11
21617141,2026-06-22,apartment,for-sale,169000,new,True,472,13
21617143,2026-06-22,apartment,for-sale,269000,new,True,95,1
21617147,2026-06-22,apartment,for-sale,349000,new,True,66,0
21617138,2026-06-22,apartment,for-sale,369000,new,True,42,0
21617139,2026-06-22,apartment,for-sale,480000,new,True,26,0
21617140,2026-06-22,apartment,for-sale,384000,new,True,15,0
21617132,2026-06-22,apartment,for-sale,279000,new,True,23,0
21617133,2026-06-22,apartment,for-sale,490000,new,True,18,0
21617131,2026-06-22,apartment,for-sale,274000,new,True,30,0
21617134,2026-06-22,apartment,for-sale,284000,new,True,25,0
21617135,2026-06-22,apartment,for-sale,369000,new,True,15,0
21617136,2026-06-22,apartment,for-sale,379000,new,True,18,0
21617146,2026-06-22,apartment,for-sale,389000,new,True,18,0
21617137,2026-06-22,apartment,for-sale,495000,new,True,26,0
21617129,2026-06-22,apartment,for-sale,364000,new,True,22,0
21617130,2026-06-22,apartment,for-sale,359000,new,True,24,0
21617145,2026-06-22,apartment,for-sale,450000,new,True,29,0
21616970,2026-06-22,apartment,for-sale,795000,new,True,770,10
21616877,2026-06-22,apartment,for-sale,265000,new,True,762,6
21616751,2026-06-22,apartment,for-sale,275000,new,True,1110,22
21616582,2026-06-22,apartment,for-sale,334000,new,True,547,12
21616449,2026-06-22,apartment,for-sale,420000,new,True,3577,42
21616403,2026-06-22,apartment,for-sale,226000,new,True,1332,20
21616332,2026-06-22,apartment,for-sale,399000,new,True,902,17
21616304,2026-06-22,apartment,for-sale,270000,new,True,516,8
21615957,2026-06-22,apartment,for-sale,427500,new,True,536,9
21615665,2026-06-22,apartment,for-sale,540000,new,True,74,0
21615648,2026-06-22,apartment,for-sale,520000,new,True,50,0
21615630,2026-06-22,apartment,for-sale,450000,new,True,51,0
21615578,2026-06-22,apartment,for-sale,530000,new,True,25,0
21615527,2026-06-22,apartment,for-sale,250000,new,True,688,15
21615434,2026-06-22,apartment,for-sale,475000,new,True,691,18
21615212,2026-06-22,apartment,for-sale,235000,new,True,466,7
21614915,2026-06-22,apartment,for-sale,550000,new,True,448,10
21614522,2026-06-22,apartment,for-sale,155000,under_option,True,760,14
21606507,2026-06-22,apartment,for-sale,539000,new,True,577,12
21606517,2026-06-22,apartment,for-sale,539000,new,True,433,5
21612747,2026-06-22,apartment,for-sale,500000,new,True,943,21
21612746,2026-06-22,apartment,for-sale,295000,new,True,1107,24
21612591,2026-06-22,apartment,for-sale,945000,new,True,491,1
21612570,2026-06-22,apartment,for-sale,385000,new,True,123,2
21612540,2026-06-22,apartment,for-sale,465000,new,True,408,16
21612499,2026-06-22,apartment,for-sale,540000,new,True,135,0
21612488,2026-06-22,apartment,for-sale,665000,new,True,109,1
21611849,2026-06-22,apartment,for-sale,249000,new,True,524,14
21611077,2026-06-22,apartment,for-sale,330000,under_option,True,562,13
21610356,2026-06-22,apartment,for-sale,249500,new,True,521,7
21610112,2026-06-22,apartment_group,for-sale,,new,True,329,2
21610065,2026-06-22,apartment,for-sale,359000,new,True,137,1
21609777,2026-06-22,apartment,for-sale,459000,new,True,592,11
21609538,2026-06-22,apartment,for-sale,595000,new,True,485,5
21609002,2026-06-22,apartment,for-sale,350000,new,True,608,12
21609001,2026-06-22,apartment,for-sale,295000,new,True,387,7
21608852,2026-06-22,apartment,for-sale,389000,new,True,662,10
21608853,2026-06-22,apartment,for-sale,269000,new,True,321,3
21608536,2026-06-22,apartment,for-sale,275000,new,True,156,0
21662051,2026-06-22,apartment,for-rent,1200,new,True,0,0
21662043,2026-06-22,apartment,for-rent,1025,new,True,0,0
21661978,2026-06-22,apartment,for-rent,2950,new,True,0,0
21661669,2026-06-22,apartment,for-rent,825,new,True,0,0
21661594,2026-06-22,apartment,for-rent,1000,new,True,0,0
21661511,2026-06-22,apartment,for-rent,1085,new,True,0,0
21661490,2026-06-22,apartment,for-rent,1050,new,True,0,0
21661471,2026-06-22,apartment,for-rent,1095,new,True,0,0
21661361,2026-06-22,apartment,for-rent,850,new,True,36,0
21660808,2026-06-22,apartment,for-rent,925,new,True,0,0
21660487,2026-06-22,apartment,for-rent,750,new,True,0,0
21660002,2026-06-22,apartment,for-rent,47850,new,True,39,0
21659933,2026-06-22,apartment,for-rent,895,new,True,88,0
21659930,2026-06-22,apartment,for-rent,695,new,True,223,14
21659923,2026-06-22,apartment,for-rent,1200,new,True,245,13
21659916,2026-06-22,apartment,for-rent,890,new,True,76,1
21659913,2026-06-22,apartment,for-rent,795,new,True,155,1
21614214,2026-06-22,apartment,for-rent,650,new,True,1698,82
21593298,2026-06-22,apartment,for-rent,895,,True,1316,54
21591333,2026-06-22,apartment,for-rent,1450,,True,993,18
21591020,2026-06-22,apartment,for-rent,920,,True,701,13
21590449,2026-06-22,apartment,for-rent,2500,,True,746,6
21588880,2026-06-22,apartment,for-rent,460,,True,1121,22
21586316,2026-06-22,apartment,for-rent,775,,True,2869,117
21585162,2026-06-22,apartment,for-rent,1050,,True,1312,29
21584619,2026-06-22,apartment,for-rent,710,,True,1679,42
21583838,2026-06-22,apartment,for-rent,1230,,True,1074,32
21583547,2026-06-22,apartment,for-rent,900,,True,786,20
21582995,2026-06-22,apartment,for-rent,1800,,True,967,18
21579732,2026-06-22,apartment,for-rent,1420,,True,2142,81
21579631,2026-06-22,apartment,for-rent,985,,True,2501,97
21577136,2026-06-22,apartment,for-rent,1400,,True,374,16
21576633,2026-06-22,apartment,for-rent,1295,,True,1731,59
21576430,2026-06-22,apartment,for-rent,775,,True,1878,91
21576140,2026-06-22,apartment,for-rent,1150,,True,535,16
21486667,2026-06-22,apartment,for-rent,1590,,True,995,13
21571857,2026-06-22,apartment,for-rent,1150,,True,990,13
21571437,2026-06-22,apartment,for-rent,1600,,True,535,10
21570333,2026-06-22,apartment,for-rent,1400,,True,1019,24
21558820,2026-06-22,apartment,for-rent,2250,,True,897,9
21566508,2026-06-22,apartment,for-rent,890,,True,1315,22
21550560,2026-06-22,apartment,for-rent,2950,,True,646,4
21556533,2026-06-22,apartment,for-rent,1050,,True,1245,29
21554783,2026-06-22,apartment,for-rent,660,,True,1955,69
21554613,2026-06-22,apartment,for-rent,870,,True,1573,54
21552436,2026-06-22,apartment,for-rent,1250,,True,969,13
21552104,2026-06-22,apartment,for-rent,1000,,True,987,19
21545677,2026-06-22,apartment,for-rent,870,under_option,True,2919,85
21423666,2026-06-22,apartment,for-rent,2350,,True,1105,23
21541592,2026-06-22,apartment,for-rent,700,,True,5692,232
21541591,2026-06-22,apartment,for-rent,750,,True,4252,164
21538679,2026-06-22,apartment,for-rent,850,,True,3766,200
21489434,2026-06-22,apartment,for-rent,1450,,True,1245,37
21536738,2026-06-22,apartment,for-rent,1100,,True,617,13
21534458,2026-06-22,apartment,for-rent,955,,True,1629,17
21534410,2026-06-22,apartment,for-rent,1150,,True,2299,73
21533462,2026-06-22,apartment,for-rent,1600,,True,1769,50
21532334,2026-06-22,apartment,for-rent,990,,True,1477,37
21524823,2026-06-22,apartment,for-rent,850,,True,1662,55
21524749,2026-06-22,apartment,for-rent,1050,,True,1203,23
21524505,2026-06-22,apartment,for-rent,2400,,True,549,4
21522209,2026-06-22,apartment,for-rent,570,,True,2181,64
21520945,2026-06-22,apartment,for-rent,650,,True,3393,124
21515949,2026-06-22,apartment,for-rent,1150,under_option,True,1589,55
21515561,2026-06-22,apartment,for-rent,1150,,True,1882,49
21514430,2026-06-22,apartment,for-rent,465,,True,2432,48
21512702,2026-06-22,apartment,for-rent,775,,True,5709,269
21507083,2026-06-22,apartment,for-rent,815,,True,1274,48
21506276,2026-06-22,apartment,for-rent,1550,,True,889,14
21505429,2026-06-22,apartment,for-rent,1770,,True,1201,17
21391584,2026-06-22,apartment,for-rent,650,,True,3475,81
21498219,2026-06-22,apartment,for-rent,575,,True,1110,19
21497817,2026-06-22,apartment,for-rent,575,,True,1944,29
21490826,2026-06-22,apartment,for-rent,1100,,True,2569,78
21487692,2026-06-22,apartment,for-rent,2000,,True,442,7
21485882,2026-06-22,apartment,for-rent,985,,True,1377,27
21481416,2026-06-22,apartment,for-rent,1150,,True,1467,25
21478193,2026-06-22,apartment,for-rent,1600,under_option,True,1580,17
21470984,2026-06-22,apartment,for-rent,1700,,True,923,21
21461865,2026-06-22,apartment,for-rent,820,under_option,True,5964,184
21458152,2026-06-22,apartment,for-rent,1160,,True,377,3
21449950,2026-06-22,apartment,for-rent,1750,,True,2043,51
21446081,2026-06-22,apartment,for-rent,1000,,True,1743,37
21443300,2026-06-22,apartment,for-rent,1200,,True,1663,38
21375372,2026-06-22,apartment,for-rent,1650,,True,1831,31
21438078,2026-06-22,apartment,for-rent,750,,True,1466,23
21438076,2026-06-22,apartment,for-rent,550,,True,1820,38
21429923,2026-06-22,apartment,for-rent,900,,True,3245,122
21428820,2026-06-22,apartment,for-rent,1100,,True,3510,104
21417069,2026-06-22,apartment,for-rent,1250,under_option,True,3711,118
21370129,2026-06-22,apartment,for-rent,940,,True,2404,94
21363856,2026-06-22,apartment,for-rent,1350,,True,1311,46
21664502,2026-06-23,house,for-sale,375000,new,True,0,0
21664465,2026-06-23,house,for-sale,449000,new,True,0,0
21664023,2026-06-23,house,for-sale,520000,new,True,259,10
21663743,2026-06-23,house,for-sale,365000,new,True,0,0
21663708,2026-06-23,house,for-sale,1475000,new,True,5,0
21663633,2026-06-23,house,for-sale,450000,new,True,158,4
21663629,2026-06-23,house,for-sale,420000,new,True,166,4
21663604,2026-06-23,house,for-sale,349000,new,True,101,1
21663603,2026-06-23,house,for-sale,498500,new,True,147,1
21663532,2026-06-23,house,for-sale,359000,new,True,76,0
21663514,2026-06-23,house,for-sale,595000,new,True,256,8
21663477,2026-06-23,house,for-sale,365000,new,True,43,0
21663398,2026-06-23,house,for-sale,568000,new,True,317,5
21662684,2026-06-23,house,for-sale,1275000,new,True,633,15
21662549,2026-06-23,house,for-sale,,new,True,267,1
21662489,2026-06-23,house,for-sale,485000,new,True,452,8
21662347,2026-06-23,house,for-sale,360000,new,True,194,2
21662338,2026-06-23,house,for-sale,595000,new,True,69,1
21662340,2026-06-23,house_group,for-sale,,new,True,35,1
21662337,2026-06-23,house,for-sale,605000,new,True,28,2
21662336,2026-06-23,house,for-sale,595000,new,True,31,1
21661495,2026-06-23,house_group,for-sale,,new,True,29,0
21606537,2026-06-23,house,for-sale,270000,new,True,941,12
21606493,2026-06-23,house,for-sale,445000,new,True,1464,13
21606355,2026-06-23,house,for-sale,285000,under_option,True,3689,52
21606143,2026-06-23,house,for-sale,545000,under_option,True,4593,47
21606040,2026-06-23,house,for-sale,380000,new,True,898,8
21605877,2026-06-23,house,for-sale,897750,new,True,2782,49
21605865,2026-06-23,house,for-sale,274500,new,True,689,8
21605836,2026-06-23,house,for-sale,399900,under_option,True,3968,61
21605835,2026-06-23,house,for-sale,459000,new,True,3321,39
21605672,2026-06-23,house,for-sale,338000,new,True,1440,13
21605673,2026-06-23,house,for-sale,338000,new,True,1340,21
21605670,2026-06-23,house,for-sale,978000,new,True,701,3
21604965,2026-06-23,house,for-sale,625000,new,True,1884,22
21604749,2026-06-23,house,for-sale,310000,new,True,1422,22
21604740,2026-06-23,house,for-sale,245000,new,True,1213,9
21604599,2026-06-23,house,for-sale,275000,new,True,1073,7
21604582,2026-06-23,house,for-sale,559000,new,True,376,2
21604551,2026-06-23,house,for-sale,799500,new,True,441,10
21604517,2026-06-23,house,for-sale,799500,new,True,313,4
21604290,2026-06-23,house,for-sale,1125000,under_option,True,3418,33
21604248,2026-06-23,house,for-sale,590000,new,True,1427,27
21604176,2026-06-23,house,for-sale,2250000,new,True,1575,15
21604051,2026-06-23,house,for-sale,359000,new,True,341,2
21603858,2026-06-23,house,for-sale,595000,new,True,1643,19
21603856,2026-06-23,house,for-sale,485000,new,True,1213,24
21603799,2026-06-23,house_group,for-sale,,new,True,319,2
21603785,2026-06-23,house,for-sale,399000,new,True,1796,41
21603766,2026-06-23,house,for-sale,524000,new,True,230,2
21603725,2026-06-23,house,for-sale,785000,new,True,669,12
21603695,2026-06-23,house_group,for-sale,,new,True,181,4
21602411,2026-06-23,house,for-sale,495000,new,True,2756,91
21602296,2026-06-23,house,for-sale,748000,new,True,1526,12
21602291,2026-06-23,house,for-sale,890000,new,True,2364,32
21602226,2026-06-23,house,for-sale,569000,new,True,1910,13
21602112,2026-06-23,house,for-sale,285000,new,True,1419,12
21601276,2026-06-23,house,for-sale,325000,new,True,1021,6
21601262,2026-06-23,house,for-sale,1075000,,True,1193,10
21601219,2026-06-23,house,for-sale,749500,,True,651,3
21601217,2026-06-23,house,for-sale,439750,,True,580,1
21601100,2026-06-23,house,for-sale,459000,,True,1566,15
21600233,2026-06-23,house,for-sale,345000,under_option,True,2589,11
21600170,2026-06-23,house,for-sale,1155000,,True,1419,15
21599994,2026-06-23,house,for-sale,270000,,True,590,3
21599634,2026-06-23,house,for-sale,615000,,True,1746,16
21598823,2026-06-23,house,for-sale,405000,,True,1238,8
21598563,2026-06-23,house,for-sale,306000,,True,1274,10
21598341,2026-06-23,house,for-sale,395000,,True,704,14
21598226,2026-06-23,house,for-sale,525000,,True,999,4
21597815,2026-06-23,house,for-sale,1100000,,True,3179,45
21597792,2026-06-23,house,for-sale,430000,,True,6018,87
21597544,2026-06-23,house,for-sale,735972,,True,502,15
21597542,2026-06-23,house,for-sale,664328,,True,595,7
21597539,2026-06-23,house,for-sale,672900,,True,796,16
21597411,2026-06-23,house,for-sale,478000,,True,1208,8
21597221,2026-06-23,house,for-sale,360000,,True,1726,23
21597220,2026-06-23,house,for-sale,360000,,True,832,18
21596916,2026-06-23,house,for-sale,320000,under_option,True,1387,17
21596526,2026-06-23,house,for-sale,398000,,True,634,6
21596470,2026-06-23,house,for-sale,349000,,True,1641,36
21596431,2026-06-23,house,for-sale,660000,,True,576,10
21595616,2026-06-23,house,for-sale,399000,under_option,True,1886,23
21594715,2026-06-23,house,for-sale,,,True,5637,94
21594658,2026-06-23,house,for-sale,349000,,True,2582,44
21594261,2026-06-23,house,for-sale,559000,,True,2875,35
21594181,2026-06-23,house,for-sale,299000,,True,1187,9
21593981,2026-06-23,house,for-sale,775000,,True,971,13
21593860,2026-06-23,house,for-sale,500000,,True,58,0
21593859,2026-06-23,house,for-sale,500000,,True,41,0
21593858,2026-06-23,house,for-sale,518000,,True,43,1
21593856,2026-06-23,house,for-sale,556000,,True,39,1
21593766,2026-06-23,house,for-sale,540000,,True,2258,17
21593125,2026-06-23,house,for-sale,595000,,True,2587,47
21592608,2026-06-23,house,for-sale,349000,,True,695,3
21592418,2026-06-23,house,for-sale,425000,,True,2384,40
21592397,2026-06-23,house,for-sale,958000,,True,1784,15
21663527,2026-06-23,house,for-rent,750,new,True,162,4
21563446,2026-06-23,house,for-rent,1150,,True,2090,67
21556832,2026-06-23,house,for-rent,2900,,True,1030,12
21642362,2026-06-23,house,for-rent,1099,new,True,1499,37
21526527,2026-06-23,house,for-rent,1500,,True,1811,42
21645744,2026-06-23,house,for-rent,1095,new,True,689,9
21645325,2026-06-23,house,for-rent,1150,new,True,944,22
21649471,2026-06-23,house,for-rent,970,new,True,277,2
21649289,2026-06-23,house,for-rent,790,new,True,1062,19
21648709,2026-06-23,house,for-rent,1500,new,True,505,4
21652919,2026-06-23,house,for-rent,1125,new,True,559,19
21652667,2026-06-23,house,for-rent,1595,new,True,345,9
21652160,2026-06-23,house,for-rent,1260,new,True,601,10
21650810,2026-06-23,house,for-rent,1200,new,True,499,6
21655139,2026-06-23,house,for-rent,1295,new,True,669,17
21653758,2026-06-23,house,for-rent,1100,new,True,917,42
21653640,2026-06-23,house,for-rent,1140,new,True,589,6
21653447,2026-06-23,house,for-rent,1475,new,True,592,25
21659269,2026-06-23,house,for-rent,1190,new,True,945,29
21659124,2026-06-23,house,for-rent,950,new,True,519,6
21640759,2026-06-23,house,for-rent,1100,new,True,2580,42
21640579,2026-06-23,house,for-rent,1100,under_option,True,1677,47
21638531,2026-06-23,house,for-rent,1250,new,True,1442,39
21638517,2026-06-23,house,for-rent,1450,new,True,1495,33
21638265,2026-06-23,house,for-rent,1350,new,True,957,25
21637642,2026-06-23,house,for-rent,1395,new,True,759,15
21637417,2026-06-23,house,for-rent,1475,new,True,1319,39
21637130,2026-06-23,house,for-rent,980,new,True,1448,56
21636866,2026-06-23,house,for-rent,1400,new,True,1020,33
21636239,2026-06-23,house,for-rent,1250,new,True,689,9
21635977,2026-06-23,house,for-rent,1475,new,True,677,18
21635596,2026-06-23,house,for-rent,1700,new,True,967,17
21634977,2026-06-23,house,for-rent,860,new,True,2869,80
21631532,2026-06-23,house,for-rent,1200,new,True,1415,27
21604122,2026-06-23,house,for-rent,570,new,True,2847,80
21629752,2026-06-23,house,for-rent,2150,new,True,322,8
21628042,2026-06-23,house,for-rent,1550,new,True,965,15
21627699,2026-06-23,house,for-rent,4500,new,True,499,3
21625643,2026-06-23,house,for-rent,1500,new,True,4160,120
21448770,2026-06-23,house,for-rent,1350,,True,893,13
21624596,2026-06-23,house,for-rent,1500,new,True,4148,47
21605569,2026-06-23,house,for-rent,1550,new,True,2066,35
21623598,2026-06-23,house,for-rent,1239,new,True,998,24
21623255,2026-06-23,house,for-rent,1690,under_option,True,1717,35
21623032,2026-06-23,house,for-rent,1575,new,True,616,10
21622874,2026-06-23,house,for-rent,1300,new,True,382,14
21622141,2026-06-23,house,for-rent,2200,new,True,402,2
21622006,2026-06-23,house,for-rent,2650,new,True,549,6
21620094,2026-06-23,house,for-rent,1435,new,True,1165,27
21619563,2026-06-23,house,for-rent,1600,new,True,275,1
21609584,2026-06-23,house,for-rent,970,new,True,3544,98
21608177,2026-06-23,house,for-rent,1350,new,True,2052,50
21607404,2026-06-23,house,for-rent,950,new,True,2133,73
21605335,2026-06-23,house,for-rent,1470,new,True,1457,20
21604376,2026-06-23,house,for-rent,1445,new,True,1237,30
21602585,2026-06-23,house,for-rent,1150,under_option,True,2775,65
21598406,2026-06-23,house,for-rent,2050,,True,582,15
21597352,2026-06-23,house,for-rent,900,,True,4290,153
21596921,2026-06-23,house,for-rent,825,,True,1604,50
21596896,2026-06-23,house,for-rent,1200,under_option,True,1017,9
21593704,2026-06-23,house,for-rent,1595,,True,2101,41
21591198,2026-06-23,house,for-rent,2360,,True,589,2
21590451,2026-06-23,house,for-rent,815,,True,4116,129
21590448,2026-06-23,house,for-rent,975,,True,6080,197
21590234,2026-06-23,house,for-rent,800,,True,2845,95
21589001,2026-06-23,house,for-rent,1050,,True,3189,68
21578580,2026-06-23,house,for-rent,1050,,True,2399,49
21586773,2026-06-23,house,for-rent,900,,True,836,22
21585776,2026-06-23,house,for-rent,1575,,True,1099,21
21582127,2026-06-23,house,for-rent,2000,,True,823,13
21581285,2026-06-23,house,for-rent,1700,,True,2078,51
21579317,2026-06-23,house,for-rent,1250,,True,2884,88
21579213,2026-06-23,house,for-rent,970,,True,4124,71
21549054,2026-06-23,house,for-rent,1590,under_option,True,1631,41
21548680,2026-06-23,house,for-rent,1250,,True,1842,56
21540343,2026-06-23,house,for-rent,2600,,True,1753,29
21664590,2026-06-23,apartment,for-sale,695000,new,True,0,0
21664272,2026-06-23,apartment,for-sale,379000,new,True,0,0
21664053,2026-06-23,apartment,for-sale,420000,new,True,28,0
21664008,2026-06-23,apartment,for-sale,349000,new,True,0,0
21664003,2026-06-23,apartment,for-sale,315000,new,True,0,0
21663891,2026-06-23,apartment,for-sale,449000,new,True,16,0
21663792,2026-06-23,apartment_group,for-sale,,new,True,0,0
21663704,2026-06-23,apartment,for-sale,1415000,new,True,4,0
21663699,2026-06-23,apartment_group,for-sale,,new,True,4,0
21663536,2026-06-23,apartment,for-sale,239000,new,True,28,0
21662985,2026-06-23,apartment_group,for-sale,,new,True,38,0
21662814,2026-06-23,apartment,for-sale,269000,new,True,213,2
21662620,2026-06-23,apartment,for-sale,279000,new,True,45,1
21607704,2026-06-23,apartment,for-sale,439000,new,True,784,11
21607668,2026-06-23,apartment,for-sale,362500,new,True,148,0
21607663,2026-06-23,apartment,for-sale,280000,new,True,1018,18
21607659,2026-06-23,apartment,for-sale,350000,new,True,369,4
21607625,2026-06-23,apartment,for-sale,249000,new,True,243,4
21607595,2026-06-23,apartment,for-sale,372500,new,True,52,0
21607423,2026-06-23,apartment,for-sale,560000,new,True,379,4
21607194,2026-06-23,apartment,for-sale,279000,under_option,True,1543,26
21606557,2026-06-23,apartment,for-sale,565000,new,True,1022,27
21606541,2026-06-23,apartment,for-sale,655000,new,True,495,10
21606540,2026-06-23,apartment,for-sale,205000,new,True,2651,35
21606442,2026-06-23,apartment,for-sale,249000,new,True,610,4
21605740,2026-06-23,apartment,for-sale,335000,new,True,1437,33
21605709,2026-06-23,apartment,for-sale,420000,new,True,254,2
21605671,2026-06-23,apartment,for-sale,978000,new,True,116,0
21605469,2026-06-23,apartment,for-sale,345000,new,True,1200,26
21605196,2026-06-23,apartment,for-sale,129000,under_option,True,1156,14
21605032,2026-06-23,apartment,for-sale,445000,under_option,True,2181,45
21604919,2026-06-23,apartment,for-sale,235000,new,True,828,7
21604741,2026-06-23,apartment,for-sale,274000,new,True,637,6
21604728,2026-06-23,apartment,for-sale,259000,new,True,880,12
21604687,2026-06-23,apartment,for-sale,249000,under_option,True,759,3
21604615,2026-06-23,apartment,for-sale,499900,new,True,33,1
21604614,2026-06-23,apartment,for-sale,499900,new,True,16,0
21604613,2026-06-23,apartment,for-sale,707400,new,True,15,0
21604612,2026-06-23,apartment,for-sale,671900,new,True,26,0
21604583,2026-06-23,apartment,for-sale,884000,new,True,163,0
21604580,2026-06-23,apartment,for-sale,788000,new,True,207,2
21604581,2026-06-23,apartment,for-sale,399000,new,True,175,1
21604584,2026-06-23,apartment,for-sale,699500,new,True,381,0
21604504,2026-06-23,apartment,for-sale,358500,new,True,83,0
21604499,2026-06-23,apartment,for-sale,699500,new,True,101,1
21604494,2026-06-23,apartment,for-sale,690000,new,True,509,2
21603917,2026-06-23,apartment,for-sale,345000,new,True,434,4
21603860,2026-06-23,apartment,for-sale,399000,new,True,1009,9
21603784,2026-06-23,apartment,for-sale,760000,new,True,1176,19
21603685,2026-06-23,apartment,for-sale,245000,new,True,602,7
21602964,2026-06-23,apartment,for-sale,349000,new,True,1293,38
21602955,2026-06-23,apartment,for-sale,269000,new,True,280,6
21602442,2026-06-23,apartment,for-sale,475000,new,True,364,3
21602290,2026-06-23,apartment,for-sale,1150000,new,True,644,8
21602197,2026-06-23,apartment,for-sale,349000,new,True,2074,21
21601440,2026-06-23,apartment,for-sale,495000,new,True,864,12
21601270,2026-06-23,apartment,for-sale,349000,new,True,989,13
21600150,2026-06-23,apartment,for-sale,535000,,True,488,9
21600146,2026-06-23,apartment,for-sale,225000,,True,794,24
21599663,2026-06-23,apartment,for-sale,639000,,True,502,13
21599569,2026-06-23,apartment,for-sale,275000,,True,553,3
21599401,2026-06-23,apartment,for-sale,286000,,True,814,15
21599169,2026-06-23,apartment,for-sale,399000,,True,501,8
21599107,2026-06-23,apartment,for-sale,149000,,True,2227,37
21599106,2026-06-23,apartment,for-sale,149000,,True,384,11
21598811,2026-06-23,apartment,for-sale,345000,,True,212,5
21598538,2026-06-23,apartment,for-sale,359000,,True,104,0
21598524,2026-06-23,apartment,for-sale,379000,,True,356,7
21597540,2026-06-23,apartment,for-sale,379375,,True,156,0
21597541,2026-06-23,apartment,for-sale,355474,,True,177,2
21597538,2026-06-23,apartment,for-sale,437850,,True,209,2
21597408,2026-06-23,apartment,for-sale,219000,,True,636,9
21596675,2026-06-23,apartment,for-sale,399999,,True,640,16
21596473,2026-06-23,apartment,for-sale,285000,,True,435,10
21596466,2026-06-23,apartment,for-sale,249000,,True,437,2
21596434,2026-06-23,apartment,for-sale,360000,,True,108,0
21596427,2026-06-23,apartment,for-sale,415000,,True,60,2
21596365,2026-06-23,apartment,for-sale,450000,,True,650,22
21596143,2026-06-23,apartment,for-sale,235000,,True,806,11
21596070,2026-06-23,apartment,for-sale,250000,,True,2321,67
21595344,2026-06-23,apartment,for-sale,170000,,True,810,6
21556043,2026-06-23,apartment,for-sale,349900,,True,131,1
21594677,2026-06-23,apartment,for-sale,599000,,True,433,6
21594596,2026-06-23,apartment,for-sale,199000,,True,229,3
21594513,2026-06-23,apartment,for-sale,440000,,True,271,2
21594374,2026-06-23,apartment,for-sale,349000,,True,533,4
21594370,2026-06-23,apartment,for-sale,459000,under_option,True,500,5
21594269,2026-06-23,apartment,for-sale,2250000,,True,869,8
21664706,2026-06-23,apartment,for-rent,800,new,True,0,0
21664673,2026-06-23,apartment,for-rent,990,new,True,26,0
21664599,2026-06-23,apartment,for-rent,900,new,True,0,0
21664459,2026-06-23,apartment,for-rent,1100,new,True,11,0
21664405,2026-06-23,apartment,for-rent,555,new,True,0,0
21664395,2026-06-23,apartment,for-rent,1540,new,True,0,0
21664039,2026-06-23,apartment,for-rent,1250,new,True,0,0
21664015,2026-06-23,apartment,for-rent,625,new,True,0,0
21663957,2026-06-23,apartment,for-rent,1100,new,True,96,1
21663850,2026-06-23,apartment,for-rent,1065,new,True,31,2
21663648,2026-06-23,apartment,for-rent,900,new,True,106,4
21663534,2026-06-23,apartment,for-rent,875,new,True,116,1
21663289,2026-06-23,apartment,for-rent,1950,new,True,106,2
21553028,2026-06-23,apartment,for-rent,1400,,True,353,6
21475131,2026-06-23,apartment,for-rent,1200,,True,393,8
21576649,2026-06-23,apartment,for-rent,1500,,True,203,4
21348846,2026-06-23,apartment,for-rent,2400,,True,1108,3
21340969,2026-06-23,apartment,for-rent,990,,True,4606,112
21333079,2026-06-23,apartment,for-rent,995,,True,797,8
21331450,2026-06-23,apartment,for-rent,1175,,True,840,5
21316691,2026-06-23,apartment,for-rent,600,,True,12258,234
21249590,2026-06-23,apartment,for-rent,1300,,True,1825,62
21202302,2026-06-23,apartment,for-rent,800,under_option,True,13486,435
21194244,2026-06-23,apartment,for-rent,1295,,True,1942,37
21038263,2026-06-23,apartment,for-rent,715,,True,4444,186
20789227,2026-06-23,apartment,for-rent,519,,True,11592,121
20597770,2026-06-23,apartment,for-rent,2650,,True,6777,79
20153365,2026-06-23,apartment,for-rent,2125,,True,4576,10
21642045,2026-06-23,apartment,for-rent,550,new,True,1608,68
21540718,2026-06-23,apartment,for-rent,750,,True,3602,134
21644194,2026-06-23,apartment,for-rent,1150,new,True,367,7
21643863,2026-06-23,apartment,for-rent,1850,new,True,278,4
21643686,2026-06-23,apartment,for-rent,850,new,True,1936,74
21643636,2026-06-23,apartment,for-rent,1125,new,True,355,8
21643605,2026-06-23,apartment,for-rent,1295,new,True,320,4
21643496,2026-06-23,apartment,for-rent,960,new,True,1542,65
21643410,2026-06-23,apartment,for-rent,1050,new,True,1110,22
21643387,2026-06-23,apartment,for-rent,550,new,True,518,23
21643264,2026-06-23,apartment,for-rent,850,new,True,754,39
21643123,2026-06-23,apartment,for-rent,940,new,True,1339,59
21642795,2026-06-23,apartment,for-rent,810,new,True,782,34
21642767,2026-06-23,apartment,for-rent,900,new,True,2311,66
21642686,2026-06-23,apartment,for-rent,900,under_option,True,830,32
21503792,2026-06-23,apartment,for-rent,950,,True,1463,45
21647587,2026-06-23,apartment,for-rent,1200,new,True,887,15
21647555,2026-06-23,apartment,for-rent,1295,new,True,350,4
21646953,2026-06-23,apartment,for-rent,1100,new,True,685,20
21646825,2026-06-23,apartment,for-rent,675,new,True,1310,51
21646587,2026-06-23,apartment,for-rent,1175,new,True,525,10
21646385,2026-06-23,apartment,for-rent,595,new,True,1382,86
21646333,2026-06-23,apartment,for-rent,820,new,True,651,31
21645738,2026-06-23,apartment,for-rent,595,new,True,750,17
21644989,2026-06-23,apartment,for-rent,900,new,True,1011,29
21644952,2026-06-23,apartment,for-rent,950,new,True,601,22
21644951,2026-06-23,apartment,for-rent,1150,new,True,1275,71
21644778,2026-06-23,apartment,for-rent,2100,new,True,196,3
9959122,2026-06-23,apartment,for-rent,825,,True,2075,53
21644526,2026-06-23,apartment,for-rent,730,new,True,827,43
21644516,2026-06-23,apartment,for-rent,1900,new,True,489,3
21644492,2026-06-23,apartment,for-rent,800,new,True,2036,109
21644363,2026-06-23,apartment,for-rent,475,,True,260,5
21644360,2026-06-23,apartment,for-rent,515,new,True,326,6
21468540,2026-06-23,apartment,for-rent,980,,True,1321,32
21649720,2026-06-23,apartment,for-rent,850,new,True,933,22
21649470,2026-06-23,apartment,for-rent,985,new,True,710,21
21649397,2026-06-23,apartment,for-rent,1200,new,True,429,13
21649138,2026-06-23,apartment,for-rent,1125,new,True,212,1
21648910,2026-06-23,apartment,for-rent,1275,new,True,371,7
21648865,2026-06-23,apartment,for-rent,825,new,True,1630,119
21648541,2026-06-23,apartment,for-rent,795,new,True,858,38
21648492,2026-06-23,apartment,for-rent,1050,new,True,1213,36
21648315,2026-06-23,apartment,for-rent,1250,new,True,306,6
21648030,2026-06-23,apartment,for-rent,890,new,True,665,28
21647907,2026-06-23,apartment,for-rent,850,new,True,809,37
21647880,2026-06-23,apartment,for-rent,1600,new,True,756,21
21647874,2026-06-23,apartment,for-rent,1100,new,True,606,23
21647653,2026-06-23,apartment,for-rent,995,new,True,715,35
21647648,2026-06-23,apartment,for-rent,850,new,True,370,12
21653044,2026-06-23,apartment,for-rent,755,new,True,490,25
21652911,2026-06-23,apartment,for-rent,950,new,True,1008,55
21652750,2026-06-23,apartment,for-rent,1400,new,True,137,3
21652271,2026-06-23,apartment,for-rent,1150,new,True,1031,26
21652200,2026-06-23,apartment,for-rent,1060,new,True,824,21
21651968,2026-06-23,apartment,for-rent,1025,new,True,440,7
21651455,2026-06-23,apartment,for-rent,950,new,True,340,11
21651388,2026-06-23,apartment,for-rent,820,new,True,924,51
21650667,2026-06-23,apartment,for-rent,1475,new,True,272,1
21650332,2026-06-23,apartment,for-rent,750,new,True,1103,76
21268969,2026-06-23,apartment,for-rent,975,,True,733,7
21656849,2026-06-23,apartment,for-rent,1150,new,True,417,15
21667046,2026-06-24,house,for-sale,2500,new,True,0,0
21666802,2026-06-24,house,for-sale,,new,True,0,0
21666777,2026-06-24,house,for-sale,565000,new,True,0,0
21666600,2026-06-24,house,for-sale,1050000,new,True,0,0
21666434,2026-06-24,house,for-sale,475000,new,True,92,1
21666430,2026-06-24,house,for-sale,575000,new,True,189,6
21666337,2026-06-24,house,for-sale,275000,new,True,176,0
21666327,2026-06-24,house,for-sale,695000,new,True,265,3
21666173,2026-06-24,house,for-sale,530000,new,True,162,1
21665647,2026-06-24,house,for-sale,654000,new,True,185,2
21665648,2026-06-24,house,for-sale,299000,new,True,411,5
21665585,2026-06-24,house,for-sale,317000,new,True,166,3
21665465,2026-06-24,house,for-sale,369000,new,True,448,7
21665168,2026-06-24,house,for-sale,399000,new,True,914,9
21664751,2026-06-24,house,for-sale,385000,new,True,662,14
21592160,2026-06-24,house,for-sale,279000,under_option,True,4753,59
21592122,2026-06-24,house,for-sale,540000,,True,243,5
21592029,2026-06-24,house,for-sale,598000,,True,1877,22
21591587,2026-06-24,house,for-sale,250000,,True,933,13
21591479,2026-06-24,house,for-sale,225000,,True,1071,13
21591194,2026-06-24,house,for-sale,395000,,True,2983,40
21590818,2026-06-24,house,for-sale,385000,,True,1792,21
21590465,2026-06-24,house,for-sale,385000,under_option,True,4881,69
21590413,2026-06-24,house,for-sale,359000,,True,2484,27
21590384,2026-06-24,house,for-sale,375000,,True,1905,37
21590215,2026-06-24,house,for-sale,895000,,True,3751,68
21590198,2026-06-24,house,for-sale,715000,,True,3915,54
21590036,2026-06-24,house,for-sale,355000,,True,1517,7
21589357,2026-06-24,house,for-sale,545000,,True,3463,50
21589225,2026-06-24,house,for-sale,405000,,True,2344,13
21589197,2026-06-24,house,for-sale,339000,,True,1795,9
21589065,2026-06-24,house,for-sale,395000,,True,1842,21
21588757,2026-06-24,house,for-sale,895000,,True,1956,31
21588388,2026-06-24,house,for-sale,625000,,True,1013,9
21588297,2026-06-24,house,for-sale,1500000,,True,2193,29
21421469,2026-06-24,house,for-sale,575000,,True,5089,34
21588106,2026-06-24,house,for-sale,395000,,True,3367,83
21587884,2026-06-24,house,for-sale,295000,under_option,True,1634,35
21587821,2026-06-24,house,for-sale,460500,,True,836,9
21587664,2026-06-24,house,for-sale,345000,,True,555,1
21587357,2026-06-24,house,for-sale,,under_option,True,3728,25
21586988,2026-06-24,house,for-sale,189000,,True,1819,54
21586788,2026-06-24,house,for-sale,275000,,True,1266,4
21586768,2026-06-24,house,for-sale,975000,,True,2986,31
21586359,2026-06-24,house,for-sale,345000,,True,2658,63
21585745,2026-06-24,house,for-sale,1375000,,True,970,3
21585704,2026-06-24,house,for-sale,599999,,True,2147,33
21585511,2026-06-24,house,for-sale,269000,under_option,True,2127,50
21585309,2026-06-24,house,for-sale,1065000,,True,1891,49
21585300,2026-06-24,house,for-sale,1595000,,True,827,15
21585294,2026-06-24,house,for-sale,565000,,True,1913,20
21585248,2026-06-24,house,for-sale,1065000,,True,586,15
21585221,2026-06-24,house,for-sale,1550000,,True,1724,27
21585215,2026-06-24,house,for-sale,419000,,True,1399,20
21584744,2026-06-24,house,for-sale,390000,,True,1014,20
21584463,2026-06-24,house,for-sale,399000,under_option,True,2033,33
21584350,2026-06-24,house,for-sale,315000,,True,1442,34
21583812,2026-06-24,house,for-sale,535000,,True,637,5
21583800,2026-06-24,house,for-sale,319000,,True,2132,22
21583556,2026-06-24,house,for-sale,599000,,True,223,2
21583528,2026-06-24,house,for-sale,415000,,True,1076,7
21583463,2026-06-24,house,for-sale,725000,,True,1176,11
21582532,2026-06-24,house,for-sale,399000,,True,989,4
21582009,2026-06-24,house,for-sale,1080000,,True,942,19
21581310,2026-06-24,house,for-sale,398000,under_option,True,7171,87
21581309,2026-06-24,house,for-sale,285000,,True,1919,20
21580578,2026-06-24,house,for-sale,445000,,True,668,12
21532869,2026-06-24,house,for-sale,349000,,True,3585,47
21580032,2026-06-24,house,for-sale,520000,,True,2122,26
21579978,2026-06-24,house,for-sale,559000,,True,389,1
21579975,2026-06-24,house,for-sale,559000,,True,160,0
21579294,2026-06-24,house,for-sale,499000,under_option,True,3798,65
21579291,2026-06-24,house,for-sale,499000,under_option,True,1992,32
21579214,2026-06-24,house,for-sale,960000,,True,945,14
21577805,2026-06-24,house_group,for-sale,,,True,169,2
21577696,2026-06-24,house,for-sale,385000,,True,1072,7
21577595,2026-06-24,house,for-sale,315000,,True,1120,0
21577279,2026-06-24,house,for-sale,468000,under_option,True,1498,22
21577171,2026-06-24,house_group,for-sale,,,True,95,1
21502436,2026-06-24,house,for-sale,370000,,True,2574,18
21577126,2026-06-24,house,for-sale,439000,,True,1650,21
21576925,2026-06-24,house,for-sale,599000,,True,1948,7
21576244,2026-06-24,house,for-sale,535000,,True,2741,31
21575868,2026-06-24,house,for-sale,545000,,True,1982,27
21575163,2026-06-24,house,for-sale,399000,,True,2221,31
21574774,2026-06-24,house,for-sale,795000,,True,5401,94
21574584,2026-06-24,house,for-sale,7000000,,True,2057,7
21573782,2026-06-24,house,for-sale,428000,,True,1478,13
21573770,2026-06-24,house,for-sale,428000,,True,456,6
21573718,2026-06-24,house,for-sale,1050000,,True,3833,44
21666186,2026-06-24,house,for-rent,1500,new,True,129,1
21665404,2026-06-24,house,for-rent,1300,new,True,226,1
21665368,2026-06-24,house,for-rent,1600,new,True,75,2
21533214,2026-06-24,house,for-rent,1250,,True,1739,32
21510722,2026-06-24,house,for-rent,1250,,True,2744,42
21485230,2026-06-24,house,for-rent,1800,under_option,True,1778,28
21403785,2026-06-24,house,for-rent,1400,,True,3660,87
21049697,2026-06-24,house,for-rent,3500,,True,8485,89
20133790,2026-06-24,house,for-rent,1450,,True,7973,65
21641264,2026-06-24,house,for-rent,1150,new,True,1377,25
21641017,2026-06-24,house,for-rent,1300,new,True,793,9
21642026,2026-06-24,house,for-rent,1150,new,True,1354,41
21641940,2026-06-24,house,for-rent,850,new,True,1778,66
21641714,2026-06-24,house,for-rent,1575,new,True,857,14
21642633,2026-06-24,house,for-rent,1300,new,True,1002,24
21658668,2026-06-24,house,for-rent,1850,new,True,409,10
21658482,2026-06-24,house,for-rent,1200,new,True,842,18
21658373,2026-06-24,house,for-rent,1395,new,True,721,22
21657504,2026-06-24,house,for-rent,1100,new,True,892,17
21662162,2026-06-24,house,for-rent,1250,new,True,332,6
21660051,2026-06-24,house,for-rent,980,new,True,689,11
21640759,2026-06-24,house,for-rent,1100,new,True,2729,47
21640579,2026-06-24,house,for-rent,1100,under_option,True,1725,48
21638517,2026-06-24,house,for-rent,1450,new,True,1557,33
21638265,2026-06-24,house,for-rent,1350,new,True,1002,26
21637642,2026-06-24,house,for-rent,1395,new,True,827,16
21637417,2026-06-24,house,for-rent,1475,new,True,1382,40
21636866,2026-06-24,house,for-rent,1400,new,True,1055,33
21636239,2026-06-24,house,for-rent,1250,new,True,715,9
21635977,2026-06-24,house,for-rent,1475,new,True,697,18
21635596,2026-06-24,house,for-rent,1700,new,True,1023,17
21634977,2026-06-24,house,for-rent,860,new,True,2993,85
21604122,2026-06-24,house,for-rent,570,new,True,2960,83
21629752,2026-06-24,house,for-rent,2150,new,True,344,8
21628042,2026-06-24,house,for-rent,1550,new,True,996,15
21627699,2026-06-24,house,for-rent,4500,new,True,516,4
21625643,2026-06-24,house,for-rent,1500,new,True,4271,123
21448770,2026-06-24,house,for-rent,1350,,True,913,13
21624596,2026-06-24,house,for-rent,1500,under_option,True,4185,47
21605569,2026-06-24,house,for-rent,1550,new,True,2199,36
21623598,2026-06-24,house,for-rent,1239,new,True,1036,25
21623255,2026-06-24,house,for-rent,1690,under_option,True,1745,35
21623032,2026-06-24,house,for-rent,1575,new,True,644,10
21622874,2026-06-24,house,for-rent,1300,new,True,398,15
21622141,2026-06-24,house,for-rent,2200,new,True,412,2
21622006,2026-06-24,house,for-rent,2650,new,True,562,6
21620094,2026-06-24,house,for-rent,1435,new,True,1171,28
21619563,2026-06-24,house,for-rent,1600,new,True,283,1
21609584,2026-06-24,house,for-rent,970,new,True,3652,98
21608177,2026-06-24,house,for-rent,1350,new,True,2084,52
21607404,2026-06-24,house,for-rent,950,new,True,2182,74
21605335,2026-06-24,house,for-rent,1470,new,True,1480,20
21604376,2026-06-24,house,for-rent,1445,new,True,1276,31
21602585,2026-06-24,house,for-rent,1150,under_option,True,2799,65
21598406,2026-06-24,house,for-rent,2050,,True,587,15
21597352,2026-06-24,house,for-rent,900,,True,4429,156
21596921,2026-06-24,house,for-rent,825,,True,1630,50
21593704,2026-06-24,house,for-rent,1595,,True,2145,43
21591198,2026-06-24,house,for-rent,2360,,True,605,2
21590451,2026-06-24,house,for-rent,815,,True,4183,131
21590448,2026-06-24,house,for-rent,975,,True,6182,203
21578580,2026-06-24,house,for-rent,1050,,True,2449,49
21586773,2026-06-24,house,for-rent,900,,True,848,22
21585776,2026-06-24,house,for-rent,1575,,True,1132,21
21582127,2026-06-24,house,for-rent,2000,,True,844,13
21581285,2026-06-24,house,for-rent,1700,,True,2107,51
21579317,2026-06-24,house,for-rent,1250,,True,2925,89
21579213,2026-06-24,house,for-rent,970,,True,4175,73
21563446,2026-06-24,house,for-rent,1150,,True,2127,67
21549054,2026-06-24,house,for-rent,1590,under_option,True,1652,41
21548680,2026-06-24,house,for-rent,1250,,True,1866,57
21540343,2026-06-24,house,for-rent,2600,,True,1785,29
21642362,2026-06-24,house,for-rent,1099,new,True,1579,40
21526527,2026-06-24,house,for-rent,1500,,True,1839,42
21645744,2026-06-24,house,for-rent,1095,new,True,732,9
21645325,2026-06-24,house,for-rent,1150,new,True,981,23
21649471,2026-06-24,house,for-rent,970,new,True,303,2
21649289,2026-06-24,house,for-rent,790,new,True,1163,19
21667316,2026-06-24,apartment,for-sale,420000,new,True,0,0
21667268,2026-06-24,apartment,for-sale,510000,new,True,0,0
21667242,2026-06-24,apartment,for-sale,395000,new,True,0,0
21667237,2026-06-24,apartment,for-sale,385000,new,True,0,0
21667233,2026-06-24,apartment,for-sale,540000,new,True,0,0
21667217,2026-06-24,apartment,for-sale,595000,new,True,0,0
21667215,2026-06-24,apartment,for-sale,410000,new,True,0,0
21667172,2026-06-24,apartment,for-sale,395000,new,True,0,0
21667171,2026-06-24,apartment,for-sale,395000,new,True,0,0
21667111,2026-06-24,apartment,for-sale,425000,new,True,7,0
21667065,2026-06-24,apartment,for-sale,298000,new,True,20,1
21666790,2026-06-24,apartment,for-sale,334000,new,True,0,0
21666754,2026-06-24,apartment,for-sale,285000,new,True,37,0
21666554,2026-06-24,apartment,for-sale,180000,new,True,6,0
21666483,2026-06-24,apartment,for-sale,349000,new,True,13,0
21666167,2026-06-24,apartment,for-sale,199000,new,True,44,0
21666165,2026-06-24,apartment,for-sale,269000,new,True,93,0
21666164,2026-06-24,apartment,for-sale,249000,new,True,74,0
21666163,2026-06-24,apartment,for-sale,269000,new,True,36,0
21666162,2026-06-24,apartment,for-sale,269000,new,True,16,0
21666161,2026-06-24,apartment,for-sale,249000,new,True,10,0
21666159,2026-06-24,apartment,for-sale,334000,new,True,64,1
21666158,2026-06-24,apartment,for-sale,329000,new,True,18,0
21666121,2026-06-24,apartment,for-sale,249000,new,True,94,5
21666113,2026-06-24,apartment,for-sale,945000,new,True,76,1
21666092,2026-06-24,apartment,for-sale,289000,new,True,55,3
21666016,2026-06-24,apartment,for-sale,180000,new,True,76,0
21666000,2026-06-24,apartment,for-sale,469000,new,True,106,4
21665616,2026-06-24,apartment,for-sale,395000,new,True,158,0
21665360,2026-06-24,apartment,for-sale,269000,new,True,46,0
21665095,2026-06-24,apartment,for-sale,695000,new,True,78,1
21664993,2026-06-24,apartment,for-sale,695000,new,True,52,0
21664901,2026-06-24,apartment,for-sale,355000,new,True,243,3
21593900,2026-06-24,apartment,for-sale,465000,,True,97,2
21593881,2026-06-24,apartment,for-sale,639000,,True,992,14
21593865,2026-06-24,apartment,for-sale,310000,,True,111,0
21593864,2026-06-24,apartment,for-sale,452000,,True,43,1
21593863,2026-06-24,apartment,for-sale,528000,,True,34,0
21593862,2026-06-24,apartment,for-sale,461000,,True,35,1
21593866,2026-06-24,apartment,for-sale,445000,,True,28,1
21593861,2026-06-24,apartment,for-sale,509000,,True,39,0
21593673,2026-06-24,apartment,for-sale,595000,,True,486,12
21593590,2026-06-24,apartment,for-sale,205000,,True,770,17
21593476,2026-06-24,apartment,for-sale,485000,,True,168,1
21593459,2026-06-24,apartment,for-sale,323000,,True,488,13
21593445,2026-06-24,apartment,for-sale,595000,,True,83,0
21592872,2026-06-24,apartment,for-sale,460000,under_option,True,632,9
21521661,2026-06-24,apartment,for-sale,260000,,True,1754,31
21592834,2026-06-24,apartment,for-sale,599000,,True,740,18
21592352,2026-06-24,apartment,for-sale,123000,,True,741,12
21592312,2026-06-24,apartment_group,for-sale,,,True,326,3
21592291,2026-06-24,apartment,for-sale,945000,,True,748,11
21591907,2026-06-24,apartment,for-sale,499000,,True,785,20
21459556,2026-06-24,apartment,for-sale,169000,,True,1163,24
21591470,2026-06-24,apartment,for-sale,199000,,True,1088,23
21591062,2026-06-24,apartment,for-sale,189000,under_option,True,1340,23
21590893,2026-06-24,apartment,for-sale,279000,,True,1903,19
21590379,2026-06-24,apartment,for-sale,385000,,True,1020,16
21583785,2026-06-24,apartment,for-sale,315000,,True,1246,31
21590330,2026-06-24,apartment,for-sale,469000,under_option,True,904,14
21590082,2026-06-24,apartment,for-sale,314000,,True,515,4
21589565,2026-06-24,apartment,for-sale,126500,,True,559,11
21534331,2026-06-24,apartment,for-sale,219500,,True,1322,34
21588820,2026-06-24,apartment,for-sale,280000,,True,461,6
20997184,2026-06-24,apartment,for-sale,599000,,True,681,11
21588389,2026-06-24,apartment,for-sale,299000,,True,378,4
21588286,2026-06-24,apartment,for-sale,2450000,,True,1793,27
21588284,2026-06-24,apartment,for-sale,280000,under_option,True,330,7
21588257,2026-06-24,apartment,for-sale,380000,,True,446,9
21587290,2026-06-24,apartment,for-sale,745000,,True,519,10
21586852,2026-06-24,apartment,for-sale,355000,,True,502,10
21586799,2026-06-24,apartment,for-sale,,,True,814,19
21586480,2026-06-24,apartment_group,for-sale,,,True,158,0
21586221,2026-06-24,apartment,for-sale,295000,,True,670,18
21581732,2026-06-24,apartment,for-sale,359000,,True,1023,22
21585730,2026-06-24,apartment,for-sale,450000,,True,604,6
21585674,2026-06-24,apartment,for-sale,249500,,True,871,14
21585315,2026-06-24,apartment,for-sale,337500,,True,624,16
21585311,2026-06-24,apartment,for-sale,285000,,True,728,10
21585232,2026-06-24,apartment,for-sale,477500,,True,456,13
21585224,2026-06-24,apartment,for-sale,719000,,True,518,12
21585208,2026-06-24,apartment,for-sale,2075000,,True,631,11
21584739,2026-06-24,apartment,for-sale,249000,,True,961,35
21584708,2026-06-24,apartment,for-sale,407500,,True,129,1
21583484,2026-06-24,apartment,for-sale,272000,,True,1392,18
21551275,2026-06-24,apartment,for-sale,385000,,True,863,6
21582262,2026-06-24,apartment,for-sale,583000,,True,405,2
21581691,2026-06-24,apartment_group,for-sale,,,True,94,1
20837070,2026-06-24,apartment,for-sale,139000,,True,5004,37
20837069,2026-06-24,apartment,for-sale,159000,,True,2441,20
20998822,2026-06-24,apartment,for-sale,520000,,True,445,1
21579971,2026-06-24,apartment,for-sale,465000,,True,596,21
21579091,2026-06-24,apartment,for-sale,259000,,True,994,14
21577970,2026-06-24,apartment,for-sale,159990,,True,253,1
21577969,2026-06-24,apartment,for-sale,134990,,True,836,12
21577968,2026-06-24,apartment,for-sale,139990,,True,772,12
21577492,2026-06-24,apartment,for-sale,249000,,True,2032,43
21576186,2026-06-24,apartment,for-sale,223000,,True,990,12
21574676,2026-06-24,apartment,for-sale,473000,,True,418,3
21574273,2026-06-24,apartment,for-sale,140000,under_option,True,1432,9
21573147,2026-06-24,apartment,for-sale,399000,,True,772,14
21572599,2026-06-24,apartment,for-sale,429000,,True,1150,28
21571997,2026-06-24,apartment,for-sale,375000,,True,631,6
21571961,2026-06-24,apartment,for-sale,935000,,True,429,3
21571962,2026-06-24,apartment,for-sale,549000,under_option,True,288,6
21571959,2026-06-24,apartment,for-sale,665000,,True,385,8
21571960,2026-06-24,apartment,for-sale,925000,,True,263,1
21571940,2026-06-24,apartment,for-sale,449000,,True,445,4
21667409,2026-06-24,apartment,for-rent,1600,new,True,12,0
21666953,2026-06-24,apartment,for-rent,1100,new,True,0,0
21666697,2026-06-24,apartment,for-rent,850,new,True,0,0
21666401,2026-06-24,apartment,for-rent,1100,new,True,158,4
21666348,2026-06-24,apartment,for-rent,900,new,True,175,9
21665916,2026-06-24,apartment,for-rent,1450,new,True,25,0
21665762,2026-06-24,apartment,for-rent,1400,new,True,170,5
21665756,2026-06-24,apartment,for-rent,895,new,True,329,11
21665572,2026-06-24,apartment,for-rent,825,new,True,204,21
21665388,2026-06-24,apartment,for-rent,1095,new,True,317,7
21665364,2026-06-24,apartment,for-rent,1300,new,True,116,3
21665115,2026-06-24,apartment,for-rent,1750,new,True,111,0
21601099,2026-06-24,apartment,for-rent,750,,True,1614,41
21656809,2026-06-24,apartment,for-rent,990,new,True,812,32
21656806,2026-06-24,apartment,for-rent,1200,new,True,722,29
21656530,2026-06-24,apartment,for-rent,1500,new,True,187,8
21656470,2026-06-24,apartment,for-rent,975,new,True,156,0
21656436,2026-06-24,apartment,for-rent,825,new,True,755,47
21656427,2026-06-24,apartment,for-rent,850,new,True,1160,42
21656375,2026-06-24,apartment,for-rent,1425,new,True,188,0
21656348,2026-06-24,apartment,for-rent,1850,new,True,337,13
21656111,2026-06-24,apartment,for-rent,1250,new,True,324,5
21655372,2026-06-24,apartment,for-rent,950,new,True,1068,47
21655370,2026-06-24,apartment,for-rent,895,new,True,823,40
21654832,2026-06-24,apartment,for-rent,850,new,True,479,21
21654727,2026-06-24,apartment,for-rent,850,new,True,1905,60
21654590,2026-06-24,apartment,for-rent,870,new,True,697,47
21653833,2026-06-24,apartment,for-rent,875,new,True,539,24
21653523,2026-06-24,apartment,for-rent,850,new,True,568,33
21640723,2026-06-24,apartment,for-rent,1620,new,True,570,13
21639468,2026-06-24,apartment,for-rent,510,new,True,2072,75
21639336,2026-06-24,apartment,for-rent,1850,new,True,493,6
21638793,2026-06-24,apartment,for-rent,1100,new,True,936,23
21638095,2026-06-24,apartment,for-rent,520,new,True,2319,79
21638094,2026-06-24,apartment,for-rent,775,new,True,1659,58
21637908,2026-06-24,apartment,for-rent,850,new,True,2691,109
21517928,2026-06-24,apartment,for-rent,1575,,True,1620,21
21637615,2026-06-24,apartment,for-rent,1275,new,True,855,19
21637574,2026-06-24,apartment,for-rent,1400,new,True,336,1
21637037,2026-06-24,apartment,for-rent,600,new,True,566,17
21637025,2026-06-24,apartment,for-rent,1300,new,True,268,8
21637010,2026-06-24,apartment,for-rent,1250,new,True,259,9
21636760,2026-06-24,apartment,for-rent,890,new,True,987,22
21636692,2026-06-24,apartment,for-rent,1095,new,True,1873,55
21539935,2026-06-24,apartment,for-rent,1125,,True,1943,51
21636407,2026-06-24,apartment,for-rent,835,new,True,806,31
21636343,2026-06-24,apartment,for-rent,1550,new,True,323,0
21636317,2026-06-24,apartment,for-rent,1250,new,True,896,25
21635667,2026-06-24,apartment,for-rent,1250,new,True,529,17
21635637,2026-06-24,apartment,for-rent,1295,new,True,555,6
21635635,2026-06-24,apartment,for-rent,635,new,True,1017,43
21635340,2026-06-24,apartment,for-rent,825,new,True,464,13
21635142,2026-06-24,apartment,for-rent,780,new,True,867,27
21634807,2026-06-24,apartment,for-rent,740,new,True,1124,46
21634784,2026-06-24,apartment,for-rent,1325,under_option,True,1198,29
21634645,2026-06-24,apartment,for-rent,1025,new,True,849,15
21633605,2026-06-24,apartment,for-rent,885,new,True,2746,93
21633525,2026-06-24,apartment,for-rent,1530,new,True,588,12
21633286,2026-06-24,apartment,for-rent,1000,new,True,1012,38
21633196,2026-06-24,apartment,for-rent,975,new,True,783,19
21632354,2026-06-24,apartment,for-rent,665,new,True,954,24
21632295,2026-06-24,apartment,for-rent,695,new,True,1346,44
21631307,2026-06-24,apartment,for-rent,845,new,True,632,12
21630508,2026-06-24,apartment,for-rent,1225,new,True,1191,31
21630454,2026-06-24,apartment,for-rent,1400,new,True,408,7
21629934,2026-06-24,apartment,for-rent,1300,new,True,560,18
21629706,2026-06-24,apartment,for-rent,1950,new,True,481,11
21629681,2026-06-24,apartment,for-rent,1150,under_option,True,507,20
21628089,2026-06-24,apartment,for-rent,1200,new,True,883,26
21627926,2026-06-24,apartment,for-rent,1900,new,True,434,11
21627909,2026-06-24,apartment,for-rent,1050,under_option,True,1351,30
21627131,2026-06-24,apartment,for-rent,2860,new,True,372,7
21626993,2026-06-24,apartment,for-rent,625,new,True,2016,107
21626753,2026-06-24,apartment,for-rent,950,new,True,1248,38
21517945,2026-06-24,apartment,for-rent,900,,True,3612,119
21626156,2026-06-24,apartment,for-rent,630,new,True,1931,64
21625878,2026-06-24,apartment,for-rent,850,new,True,1744,48
21625841,2026-06-24,apartment,for-rent,1150,new,True,390,2
21625823,2026-06-24,apartment,for-rent,1575,new,True,583,13
21624831,2026-06-24,apartment,for-rent,1140,under_option,True,1665,53
21624791,2026-06-24,apartment,for-rent,1495,under_option,True,546,12
21623755,2026-06-24,apartment,for-rent,750,new,True,1757,72
21623719,2026-06-24,apartment,for-rent,1095,new,True,988,15
21623653,2026-06-24,apartment,for-rent,890,new,True,1241,59
21622916,2026-06-24,apartment,for-rent,1300,new,True,793,22
21658637,2026-06-24,apartment,for-rent,875,new,True,635,23
21658537,2026-06-24,apartment,for-rent,1700,new,True,271,11
